School Name,School Type,School Year,Reported,Within District Boundary,Grade Level,Number Enrolled,COMPLETE,CONDITIONAL,OUT-OF-COMPLIANCE,EXEMPT,Medical Exemption,Personal Exemption,Religious Exemption,Religious Membership Exemption,Complete DT,Complete Pertussis,Complete MMR,Complete Polio,Complete Hep B,Complete Varicella,Location 1
PACIFIC LEARNING ACADEMY,PRIVATE SCHOOL,2016-17,N,ISSAQUAH SCHOOL DISTRICT,6-12,0,,,,,,,,,,,,,,,"22525 SE 64TH PL
ISSAQUAH
(47.5438469, -122.03891)"
EMERSON K-12 (FAMILY LEARNING CENTER),PUBLIC SCHOOL,2016-17,Y,LAKE WASHINGTON SCHOOL DISTRICT,K -12,7,71.4,0,14.3,14.3,0,14.3,0,0,71.4,71.4,85.7,85.7,85.7,85.7,"10903 NE 53RD STREET
KIRKLAND
(47.6551131, -122.1950142)"
LAKOTA MIDDLE SCHOOL,PUBLIC SCHOOL,2016-17,Y,FEDERAL WAY SCHOOL DISTRICT,6-8,257,66.5,0,28.4,5.1,0.4,3.9,0,0,66.5,66.5,96.5,94.9,95.7,94.6,"1415 SW 314TH ST
FEDERAL WAY
(47.320022, -122.354372)"
HILLSIDE ACADEMY,PRIVATE SCHOOL,2016-17,Y,RIVERVIEW SCHOOL DISTRICT,P-6,3,100,0,0,0,0,0,0,0,100,100,100,100,100,100,"15520 MAIN ST NE
DUVALL
(47.7402605, -121.9859762)"
ST. ALPHONSUS SCHOOL,PRIVATE SCHOOL,2016-17,Y,SEATTLE PUBLIC SCHOOLS,P-8,32,96.9,0,0,3.1,0,3.1,0,0,100,100,100,100,100,96.9,"5816 15TH AVE NW
SEATTLE
(47.6713791, -122.3753993)"
SHORELINE CHRISTIAN SCHOOL,PRIVATE SCHOOL,2016-17,Y,SHORELINE SCHOOL DISTRICT,P-12,17,82.4,0,0,17.6,0,17.6,0,0,82.4,82.4,88.2,88.2,88.2,88.2,"2400 NE 147TH ST
SEATTLE
(47.73575, -122.303106)"
ACADEMY FOR PRECISION LEARNING,PRIVATE SCHOOL,2016-17,Y,SEATTLE PUBLIC SCHOOLS,K-9,8,75,0,0,25,25,0,0,0,87.5,87.5,87.5,87.5,87.5,75,"5031 UNIVERSITY WAY NE
SEATTLE
(47.665772, -122.313587)"
GLENDALE LUTHERAN SCHOOL,PRIVATE SCHOOL,2016-17,Y,HIGHLINE SCHOOL DISTRICT,P-8,7,71.4,0,0,28.6,0,28.6,0,0,71.4,71.4,71.4,71.4,71.4,71.4,"13455 2ND AVE SW
BURIEN
(47.4818525, -122.3370733)"
NELSEN MIDDLE SCHOOL,PUBLIC SCHOOL,2016-17,Y,RENTON SCHOOL DISTRICT,6-8,347,85.3,0,8.1,6.6,1.2,5.8,0,0,87.9,88.8,96.3,96.3,96.5,95.7,"2403 JONES AVE S
RENTON
(47.4571097, -122.197923)"
INGLEWOOD MIDDLE SCHOOL,PUBLIC SCHOOL,2016-17,Y,LAKE WASHINGTON SCHOOL DISTRICT,6-8,413,92.5,0,0.7,6.8,1.9,4.6,0.5,0,96.1,96.1,98.1,97.3,96.4,96.6,"24120 NE 8TH ST
SAMMAMISH
(47.6185463, -122.0175343)"
SAGHALIE MIDDLE SCHOOL,PUBLIC SCHOOL,2016-17,Y,FEDERAL WAY SCHOOL DISTRICT,6-8,150,31.3,0,67.3,1.3,0,1.3,0,0,31.3,31.3,90.7,100,91.3,91.3,"33914 19TH AV SW
FEDERAL WAY
(47.2976506, -122.3549507)"
SYNERGY LEARNING ACADEMY,PRIVATE SCHOOL,2016-17,Y,ISSAQUAH SCHOOL DISTRICT,PK-8,1,100,0,0,0,0,0,0,0,100,100,100,100,100,100,"1555 NW SAMMAMISH RD
ISSAQUAH
(47.55165, -122.060703)"
WOODINVILLE MONTESSORI SCHOOL,PRIVATE SCHOOL,2016-17,Y,NORTHSHORE SCHOOL DISTRICT,P-9,19,94.7,0,0,5.3,0,5.3,0,0,100,100,94.7,94.7,94.7,94.7,"19102 N CREEK PARKWAY
BOTHELL
(47.7665934, -122.1833914)"
ARROWHEAD ELEMENTARY,PUBLIC SCHOOL,2016-17,Y,NORTHSHORE SCHOOL DISTRICT,K -6,56,94.6,0,3.6,1.8,0,1.8,0,0,94.6,94.6,100,100,100,100,"6725 NE ARROWHEAD DR
KENMORE
(47.737737, -122.251662)"
JANE ADDAMS K-8,PUBLIC SCHOOL,2016-17,Y,SEATTLE PUBLIC SCHOOLS,K -8,87,79.3,0,10.3,10.3,6.9,8,0,0,87.4,87.4,93.1,92,89.7,87.4,"11051 34 AVE NE
SEATTLE
(47.710453, -122.2932309)"
SPRING VALLEY MONTESSORI,PRIVATE SCHOOL,2016-17,N,FEDERAL WAY SCHOOL DISTRICT,P-8,0,,,,,,,,,,,,,,,"36605 PACIFIC HWY S
FEDERAL WAY
(47.27377, -122.3289586)"
ST. PHILOMENA SCHOOL,PRIVATE SCHOOL,2016-17,Y,HIGHLINE SCHOOL DISTRICT,K-8,29,100,0,0,0,0,0,0,0,100,100,100,100,100,100,"1815 S 220TH ST
DES MOINES
(47.4042599, -122.3102628)"
RAINIER CHRISTIAN SCHOOLS-KENT VIEW ELEMENTARY,PRIVATE SCHOOL,2016-17,Y,AUBURN SCHOOL DISTRICT,P-6,18,83.3,0,11.1,5.6,0,5.6,0,0,83.3,83.3,83.3,83.3,83.3,83.3,"20 49TH ST NE
AUBURN
(47.3504483, -122.2297984)"
BELLEVUE CHILDREN'S ACADEMY 2ND LOCATION,PRIVATE SCHOOL,2016-17,N,BELLEVUE SCHOOL DISTRICT,2-8,0,,,,,,,,,,,,,,,"14600 NE 24TH ST
BELLEVUE
(47.6321037, -122.1455571)"
DIMMITT MIDDLE SCHOOL,PUBLIC SCHOOL,2016-17,Y,RENTON SCHOOL DISTRICT,6-8,345,87.5,1.7,7.5,3.2,0.3,1.4,1.4,0.3,89.9,91.3,97.1,96.5,96.5,96.8,"12320 80TH AVE S
SEATTLE
(47.4920705, -122.2317131)"
MADISON MIDDLE SCHOOL,PUBLIC SCHOOL,2016-17,Y,SEATTLE PUBLIC SCHOOLS,6-8,331,74.3,0.3,20.5,4.8,3,3.9,0,0,79.5,79.5,97.3,96.4,94,93.1,"3429 45 AVE SW
SEATTLE
(47.5725308, -122.3907689)"
MCMURRAY MIDDLE SCHOOL,PUBLIC SCHOOL,2016-17,Y,VASHON ISLAND SCHOOL DISTRICT,6-8,140,62.9,0.7,17.9,18.6,0.7,17.9,0.7,0,73.6,75.7,90,85,80.7,84.3,"9329 SW CEMETERY RD
VASHON
(47.4283376, -122.4547029)"
NORTHSTAR MIDDLE SCHOOL,PUBLIC SCHOOL,2016-17,Y,LAKE WASHINGTON SCHOOL DISTRICT,6-8,29,69,0,27.6,3.4,0,3.4,0,0,69,69,96.6,96.6,96.6,96.6,"11822 NE 75TH ST
KIRKLAND
(47.673611, -122.180553)"
OVERCOMER ACADEMY,PRIVATE SCHOOL,2016-17,Y,FEDERAL WAY SCHOOL DISTRICT,P-6,6,33.3,0,16.7,50,0,50,0,0,50,50,50,33.3,33.3,33.3,"33415 MILITARY RD S
AUBURN
(47.3011166, -122.2763197)"
CHRIST THE KING SCHOOL,PRIVATE SCHOOL,2016-17,Y,SEATTLE PUBLIC SCHOOLS,P-8,25,100,0,0,0,0,0,0,0,100,100,100,100,100,100,"415 N 117TH ST
SEATTLE
(47.7144015, -122.3532133)"
BROOKSIDE ELEMENTARY,PUBLIC SCHOOL,2016-17,Y,SHORELINE SCHOOL DISTRICT,K -6,54,87,0,0,13,1.9,13,0,0,92.6,98.1,92.6,90.7,90.7,100,"17447 37TH AVENUE N.E.
LAKE FOREST PARK
(47.7547936, -122.2902157)"
THUNDER MOUNTAIN MIDDLE SCHOOL,PUBLIC SCHOOL,2016-17,Y,ENUMCLAW SCHOOL DISTRICT,6-8,135,83.7,0,7.4,8.9,1.5,8.1,0,0,86.7,87.4,94.1,95.6,94.8,93.3,"42018 264TH AVENUE SE
ENUMCLAW
(47.2230259, -121.9874956)"
WEST SEATTLE MONTESSORI SCHOOL,PRIVATE SCHOOL,2016-17,Y,SEATTLE PUBLIC SCHOOLS,P-8,4,25,0,0,75,0,75,0,0,25,25,25,25,25,25,"11215 16TH AVE SW
SEATTLE
(47.5025105, -122.3551684)"
CEDARHURST ELEMENTARY,PUBLIC SCHOOL,2016-17,Y,HIGHLINE SCHOOL DISTRICT,PK-6,88,94.3,1.1,4.5,0,0,0,0,0,95.5,95.5,100,100,98.9,100,"611 S 132ND ST
BURIEN
(47.483981, -122.324953)"
BUENA VISTA SDA SCHOOL,PRIVATE SCHOOL,2016-17,Y,AUBURN SCHOOL DISTRICT,K-8,28,85.7,0,10.7,3.6,0,3.6,0,0,89.3,89.3,96.4,96.4,96.4,92.9,"3320 ACADEMY DR SE
AUBURN
(47.282428, -122.159082)"
ST. FRANCIS OF ASSISI SCHOOL,PRIVATE SCHOOL,2016-17,Y,HIGHLINE SCHOOL DISTRICT,K-8,56,17.9,0,78.6,3.6,0,3.6,0,0,17.9,17.9,100,100,100,100,"15216 21ST AVE SW
BURIEN
(47.4665684, -122.3605782)"
DARTMOOR SCHOOL--SEATTLE,PRIVATE SCHOOL,2016-17,Y,SEATTLE PUBLIC SCHOOLS,1-12,0,,,,,,,,,,,,,,,"9618 ROOSEVELT WAY NE
SEATTLE
(47.6988807, -122.3175857)"
BK ACADEMY,PRIVATE SCHOOL,2016-17,N,BELLEVUE SCHOOL DISTRICT,PK-5,0,,,,,,,,,,,,,,,"14224 BEL RED RD
BELLEVUE
(47.625553, -122.150702)"
OUR LADY OF THE LAKE SCHOOL,PRIVATE SCHOOL,2016-17,Y,SEATTLE PUBLIC SCHOOLS,P-8,29,48.3,0,51.7,0,0,0,0,0,48.3,48.3,96.6,96.6,96.6,96.6,"3520 NE 89TH ST
SEATTLE
(47.6932897, -122.2894508)"
HOLY TRINITY LUTHERAN SCHOOL,PRIVATE SCHOOL,2016-17,Y,FEDERAL WAY SCHOOL DISTRICT,P-8,15,80,13.3,0,6.7,0,6.7,0,0,80,80,93.3,100,100,93.3,"2021 S 260TH ST
DES MOINES
(47.3684707, -122.3075916)"
KAMIAKIN MIDDLE SCHOOL,PUBLIC SCHOOL,2016-17,Y,LAKE WASHINGTON SCHOOL DISTRICT,6-8,187,85,0.5,8,6.4,0.5,5.9,0,0,87.2,88.8,96.8,95.2,95.2,95.7,"14111 132ND AVE NE
KIRKLAND
(47.7274606, -122.1658681)"
KIRKLAND SDA SCHOOL,PRIVATE SCHOOL,2016-17,N,LAKE WASHINGTON SCHOOL DISTRICT,K-8,0,,,,,,,,,,,,,,,"5320 108TH AVE NE
KIRKLAND
(47.656586, -122.195246)"
PATHFINDER K-8 SCHOOL,PUBLIC SCHOOL,2016-17,Y,SEATTLE PUBLIC SCHOOLS,K -8,56,64.3,0,16.1,19.6,3.6,19.6,0,0,67.9,67.9,83.9,85.7,83.9,80.4,"1901 SW GENESEE ST
SEATTLE
(47.5626837, -122.3579696)"
MERCER MIDDLE SCHOOL,PUBLIC SCHOOL,2016-17,Y,SEATTLE PUBLIC SCHOOLS,6-8,423,75.4,0.2,19.9,4.5,3.3,1.4,0.2,0,81.1,81.1,96.7,96.5,95.5,92.4,"1600 S COLUMBIAN WY
SEATTLE
(47.5640958, -122.3120601)"
BRIGHTMONT ACADEMY--SAMMAMISH CAMPUS,PRIVATE SCHOOL,2016-17,Y,LAKE WASHINGTON SCHOOL DISTRICT,6-12,0,,,,,,,,,,,,,,,"711 228TH AVE NE
SAMMAMISH
(47.6156011, -122.0355812)"
COTTAGE LAKE ELEMENTARY,PUBLIC SCHOOL,2016-17,Y,NORTHSHORE SCHOOL DISTRICT,PK-6,61,88.5,0,6.6,4.9,0,4.9,0,0,88.5,88.5,96.7,96.7,96.7,96.7,"15940 AVONDALE RD NE
WOODINVILLE
(47.7446942, -122.0791994)"
GREGORY HEIGHTS ELEMENTARY,PUBLIC SCHOOL,2016-17,Y,HIGHLINE SCHOOL DISTRICT,PK-6,86,82.6,1.2,14,2.3,0,2.3,0,0,82.6,82.6,98.8,98.8,98.8,98.8,"16201 16TH AVE SW
BURIEN
(47.4579445, -122.3559476)"
THE LITTLE SCHOOL,PRIVATE SCHOOL,2016-17,Y,BELLEVUE SCHOOL DISTRICT,P-6,1,100,0,0,0,0,0,0,0,100,100,100,100,100,100,"2812 116TH AVE NE
BELLEVUE
(47.6363203, -122.1855949)"
MCMICKEN HEIGHTS ELEMENTARY,PUBLIC SCHOOL,2016-17,Y,HIGHLINE SCHOOL DISTRICT,PK-6,53,32.1,0,67.9,0,0,0,0,0,92.5,92.5,96.2,96.2,90.6,50.9,"3708 S 168TH ST
SEATAC
(47.452934, -122.284698)"
SEATTLE WALDORF - THREE CEDARS,PRIVATE SCHOOL,2016-17,Y,BELLEVUE SCHOOL DISTRICT,K-8,11,27.3,18.2,0,54.5,0,54.5,0,0,54.5,54.5,45.5,54.5,54.5,45.5,"556 124TH AVE NE
BELLEVUE
(47.615087, -122.173926)"
TILLICUM MIDDLE SCHOOL,PUBLIC SCHOOL,2016-17,Y,BELLEVUE SCHOOL DISTRICT,6-8,230,40,0,53,7,2.2,4.8,0,0,43.5,43.5,95.7,96.1,94.8,93.9,"16020 SE 16TH STREET
BELLEVUE
(47.5985543, -122.1250789)"
DOLAN ACADEMY & LEARNING CENTER,PRIVATE SCHOOL,2016-17,Y,NORTHSHORE SCHOOL DISTRICT,K-8,0,,,,,,,,,,,,,,,"18500 156TH AVE NE
WOODINVILLE
(47.763018, -122.1313335)"
EXPLORER WEST MIDDLE SCHOOL,PRIVATE SCHOOL,2016-17,Y,HIGHLINE SCHOOL DISTRICT,6-8,38,86.8,0,5.3,7.9,0,7.9,0,0,86.8,86.8,89.5,86.8,89.5,89.5,"10015 28TH AVE SW
SEATTLE
(47.5132043, -122.3692233)"
ST. JOSEPH SCHOOL,PRIVATE SCHOOL,2016-17,Y,SEATTLE PUBLIC SCHOOLS,K-8,78,97.4,0,0,2.6,1.3,1.3,0,0,97.4,97.4,98.7,98.7,98.7,98.7,"700 18TH AVE E
SEATTLE
(47.6258183, -122.3084169)"
CASCADE K-8 COMMUNITY SCHOOL (ROOM NINE),PUBLIC SCHOOL,2016-17,Y,SHORELINE SCHOOL DISTRICT,K -8,26,65.4,0,3.8,30.8,3.8,26.9,0,0,88.5,96.2,80.8,76.9,84.6,100,"17077 MERIDIAN AVE N
SHORELINE
(47.7548485, -122.3368952)"
SACRED HEART SCHOOL,PRIVATE SCHOOL,2016-17,Y,BELLEVUE SCHOOL DISTRICT,P-8,52,100,0,0,0,0,0,0,0,100,100,100,100,100,100,"9450 NE 14TH ST
CLYDE HILL
(47.6237889, -122.2133774)"
MOORLANDS ELEMENTARY,PUBLIC SCHOOL,2016-17,Y,NORTHSHORE SCHOOL DISTRICT,K -6,106,90.6,0,0.9,8.5,0.9,7.5,0,0,95.3,95.3,95.3,96.2,93.4,94.3,"15115 84 AV NE
KENMORE
(47.7386617, -122.2310014)"
OLYMPIC MIDDLE SCHOOL,PUBLIC SCHOOL,2016-17,Y,AUBURN SCHOOL DISTRICT,6-8,269,87.7,1.5,8.2,2.6,1.1,1.1,0.4,0,90,90.7,99.6,98.5,99.6,100,"1825 K ST SE
AUBURN
(47.291924, -122.21737)"
RIDGECREST ELEMENTARY,PUBLIC SCHOOL,2016-17,Y,SHORELINE SCHOOL DISTRICT,K -6,104,89.4,1.9,1.9,6.7,0,6.7,0,0,96.2,97.1,99,95.2,96.2,100,"16516 10TH AVENUE N.E.
SHORELINE
(47.74942, -122.31699)"
ST. BERNADETTE SCHOOL,PRIVATE SCHOOL,2016-17,Y,HIGHLINE SCHOOL DISTRICT,P-8,22,100,0,0,0,0,0,0,0,100,100,100,100,100,100,"1028 SW 128TH ST
SEATTLE
(47.4888616, -122.3484808)"
HOLY FAMILY SCHOOL,PRIVATE SCHOOL,2016-17,N,SEATTLE PUBLIC SCHOOLS,P-8,0,,,,,,,,,,,,,,,"9615 20TH AVE SW
SEATTLE
(47.516952, -122.3594767)"
SKYKOMISH ELEMENTARY AND MIDDLE SCHOOL,PUBLIC SCHOOL,2016-17,Y,SKYKOMISH SCHOOL DISTRICT,PK-8,1,100,0,0,0,0,0,0,0,100,100,100,100,100,100,"105 6TH ST N
SKYKOMISH
(47.7093401, -121.3619079)"
JANE ADDAMS MIDDLE SCHOOL,PUBLIC SCHOOL,2016-17,Y,SEATTLE PUBLIC SCHOOLS,6-8,307,78.5,0.3,15,6.2,2.9,4.9,0.7,0,83.1,83.1,95.4,96.1,93.5,91.9,"11051 24TH AVE. NE
SEATTLE
(47.710086, -122.303075)"
FINN HILL JUNIOR HIGH SCHOOL,PUBLIC SCHOOL,2016-17,Y,LAKE WASHINGTON SCHOOL DISTRICT,6-8,240,84.6,0.8,7.1,7.5,2.1,5.4,0.4,0,88.3,89.6,94.2,94.6,94.2,93.8,"8040 NE 132ND ST
KIRKLAND
(47.7195589, -122.2306048)"
MARVISTA ELEMENTARY,PUBLIC SCHOOL,2016-17,Y,HIGHLINE SCHOOL DISTRICT,PK-6,82,84.1,0,14.6,1.2,1.2,0,0,0,85.4,96.3,98.8,98.8,98.8,98.8,"19800 MARINE VIEW DR SW
NORMANDY PARK
(47.4250673, -122.3426898)"
THE BUSH SCHOOL,PRIVATE SCHOOL,2016-17,Y,SEATTLE PUBLIC SCHOOLS,K-12,59,98.3,0,0,1.7,0,1.7,0,0,98.3,98.3,100,100,100,100,"3400 E HARRISON
SEATTLE
(47.6227457, -122.2887334)"
EASTSIDE CHRISTIAN SCHOOL,PRIVATE SCHOOL,2016-17,Y,BELLEVUE SCHOOL DISTRICT,P-8,23,21.7,78.3,0,0,0,0,0,0,26.1,26.1,95.7,95.7,100,95.7,"14615 SE 22ND ST
BELLEVUE
(47.590212, -122.1451498)"
SEAHURST ELEMENTARY SCHOOL,PUBLIC SCHOOL,2016-17,Y,HIGHLINE SCHOOL DISTRICT,K -6,82,85.4,0,12.2,2.4,0,2.4,0,0,87.8,98.8,98.8,97.6,100,98.8,"14603 14TH AVE SW
BURIEN
(47.4716001, -122.3542063)"
TOTEM MIDDLE SCHOOL,PUBLIC SCHOOL,2016-17,Y,FEDERAL WAY SCHOOL DISTRICT,6-8,227,78,2.2,17.6,2.2,0,1.8,0.4,0,96.5,85.5,96.9,96.5,96,96,"26630 40TH AVE S
KENT
(47.3622183, -122.2816115)"
GLENRIDGE ELEMENTARY,PUBLIC SCHOOL,2016-17,Y,KENT SCHOOL DISTRICT,K -6,47,78.7,0,19.1,2.1,2.1,0,0,0,78.7,78.7,100,100,97.9,100,"19405 120TH AVE SE
RENTON
(47.427926, -122.1826057)"
KOKANEE ELEMENTARY,PUBLIC SCHOOL,2016-17,Y,NORTHSHORE SCHOOL DISTRICT,K -6,109,90.8,0,5.5,3.7,0.9,2.8,0,0,92.7,92.7,96.3,97.2,97.2,96.3,"23710 57 AV SE
WOODINVILLE
(47.782003, -122.159494)"
INTERAGENCY PROGRAMS,PUBLIC SCHOOL,2016-17,Y,SEATTLE PUBLIC SCHOOLS,6-12,0,,,,,,,,,,,,,,,"PO BOX 34165
SEATTLE
(47.6062095, -122.3320708)"
SOUND VIEW EDUCATION DBA STERLING WEST SEATTLE CAMPUS,PRIVATE SCHOOL,2016-17,Y,SEATTLE PUBLIC SCHOOLS,3-12,0,,,,,,,,,,,,,,,"9205 3RD AVE SW
SEATTLE
(47.520646, -122.339239)"
ACADEMY SCHOOLS / CHILDREN’S ACADEMY,PRIVATE SCHOOL,2016-17,Y,TUKWILA SCHOOL DISTRICT,P-12,2,100,0,0,0,0,0,0,0,100,100,100,100,100,100,"14601 INTERURBAN AVE S
TUKWILA
(47.472444, -122.255825)"
ST. MARK SCHOOL,PRIVATE SCHOOL,2016-17,Y,SHORELINE SCHOOL DISTRICT,P-8,16,93.8,0,0,6.3,0,6.3,0,0,93.8,93.8,93.8,93.8,93.8,93.8,"18033 15TH PL NE
SHORELINE
(47.7607489, -122.314192)"
EVERGREEN CHRISTIAN PRIVATE SCHOOL,PRIVATE SCHOOL,2016-17,Y,FEDERAL WAY SCHOOL DISTRICT,K-7,10,30,50,0,20,0,20,0,0,30,30,80,80,80,80,"3405 S 336TH ST
FEDERAL WAY
(47.30008, -122.289196)"
REDMOND MIDDLE SCHOOL,PUBLIC SCHOOL,2016-17,Y,LAKE WASHINGTON SCHOOL DISTRICT,6-8,323,76.5,0.3,16.7,6.5,1.9,5,0.3,0,80.5,81.1,95.4,96,95.7,92.6,"10055 166TH AVE NE
REDMOND
(47.6914493, -122.1195038)"
WOODIN ELEMENTARY,PUBLIC SCHOOL,2016-17,Y,NORTHSHORE SCHOOL DISTRICT,PK-6,85,35.3,1.2,61.2,2.4,0,2.4,0,0,36.5,36.5,97.6,96.5,97.6,96.5,"12950 NE 195 ST
BOTHELL
(47.7681382, -122.1676646)"
TORAH DAY SCHOOL OF SEATTLE,PRIVATE SCHOOL,2016-17,Y,SEATTLE PUBLIC SCHOOLS,P-8,4,100,0,0,0,0,0,0,0,100,100,100,100,100,100,"3528 S FERDINAND ST
SEATTLE
(47.558256, -122.28748)"
SHELTON VIEW ELEMENTARY,PUBLIC SCHOOL,2016-17,Y,NORTHSHORE SCHOOL DISTRICT,K -6,88,79.5,0,15.9,4.5,1.1,4.5,0,0,85.2,85.2,100,98.9,95.5,94.3,"23400 5 AV W
BOTHELL
(47.78557, -122.239596)"
ASSUMPTION ST. BRIDGET,PRIVATE SCHOOL,2016-17,Y,SEATTLE PUBLIC SCHOOLS,K-8,61,85.2,0,14.8,0,0,0,0,0,85.2,98.4,98.4,98.4,100,98.4,"6220 32ND AVE NE
SEATTLE
(47.6748938, -122.2927736)"
SPRINGBROOK ELEMENTARY SCHOOL,PUBLIC SCHOOL,2016-17,Y,KENT SCHOOL DISTRICT,K -6,74,71.6,0,27,1.4,0,1.4,0,0,74.3,75.7,98.6,98.6,95.9,97.3,"20035 100TH AVE SE
KENT
(47.4213692, -122.2084834)"
EASTSIDE CATHOLIC SCHOOL,PRIVATE SCHOOL,2016-17,Y,LAKE WASHINGTON SCHOOL DISTRICT,6-12,58,98.3,0,0,1.7,0,1.7,0,0,98.3,98.3,98.3,98.3,98.3,98.3,"232 228TH AVE SE
SAMMAMISH
(47.6063567, -122.0348618)"
INTERNATIONAL SCHOOL,PUBLIC SCHOOL,2016-17,Y,BELLEVUE SCHOOL DISTRICT,6-12,89,85.4,1.1,3.4,10.1,5.6,6.7,0,0,88.8,88.8,95.5,96.6,95.5,93.3,"445 128TH AVE SE
BELLEVUE
(47.604526, -122.172162)"
ST. THERESE SCHOOL,PRIVATE SCHOOL,2016-17,Y,SEATTLE PUBLIC SCHOOLS,P-8,12,83.3,0,8.3,8.3,8.3,0,0,0,91.7,91.7,91.7,91.7,83.3,91.7,"900 35TH AVE
SEATTLE
(47.611134, -122.2880296)"
FOREST RIDGE SCHOOL OF SACRED HEART,PRIVATE SCHOOL,2016-17,Y,BELLEVUE SCHOOL DISTRICT,5-12,35,100,0,0,0,0,0,0,0,100,100,100,100,100,100,"4800 139TH AVE SE
BELLEVUE
(47.558786, -122.155251)"
PUGET SOUND COMMUNITY SCHOOL,PRIVATE SCHOOL,2016-17,Y,SEATTLE PUBLIC SCHOOLS,6-12,3,100,0,0,0,0,0,0,0,100,100,100,100,100,100,"660 S DEARBORN ST
SEATTLE
(47.596252, -122.324224)"
SCENIC HILL ELEMENTARY SCHOOL,PUBLIC SCHOOL,2016-17,Y,KENT SCHOOL DISTRICT,K -6,66,71.2,0,27.3,1.5,0,1.5,0,0,71.2,72.7,98.5,98.5,98.5,97,"26025 WOODLAND WAY S
KENT
(47.3682236, -122.21066)"
HILLSIDE STUDENT COMMUNITY SCHOOL,PRIVATE SCHOOL,2016-17,Y,BELLEVUE SCHOOL DISTRICT,5-12,7,85.7,0,0,14.3,0,14.3,0,0,85.7,100,85.7,85.7,85.7,85.7,"5027 159TH PL SE
BELLEVUE
(47.556977, -122.1264437)"
WESTHILL ELEMENTARY,PUBLIC SCHOOL,2016-17,Y,NORTHSHORE SCHOOL DISTRICT,K -6,68,83.8,0,4.4,11.8,4.4,7.4,0,0,86.8,86.8,89.7,91.2,91.2,89.7,"19515 88 AV NE
BOTHELL
(47.7701036, -122.2247701)"
ST. JOSEPH CATHOLIC SCHOOL OF ISSAQUAH,PRIVATE SCHOOL,2016-17,Y,ISSAQUAH SCHOOL DISTRICT,P-8,21,14.3,0,85.7,0,0,0,0,0,14.3,100,100,100,100,100,"200 MOUNTAIN PARK BLVD
ISSAQUAH
(47.5289564, -122.0434416)"
CASCADE INDEPENDENT HIGH SCHOOL,PRIVATE SCHOOL,2016-17,N,ENUMCLAW SCHOOL DISTRICT,5-12,0,,,,,,,,,,,,,,,"1849 MARSHALL AVE
ENUMCLAW
(47.208277, -121.994657)"
CHESTNUT HILL ACADEMY SOUTH CAMPUS,PRIVATE SCHOOL,2016-17,Y,BELLEVUE SCHOOL DISTRICT,K-8,0,,,,,,,,,,,,,,,"13633 SE 26TH ST
BELLEVUE
(47.5869388, -122.1571933)"
MIDWAY ELEMENTARY,PUBLIC SCHOOL,2016-17,Y,HIGHLINE SCHOOL DISTRICT,PK-6,107,92.5,1.9,4.7,0.9,0.9,0,0,0,96.3,99.1,99.1,98.1,99.1,99.1,"22447 24TH AVE S
DES MOINES
(47.4012636, -122.3025088)"
VALLEY CHRISTIAN SCHOOL,PRIVATE SCHOOL,2016-17,Y,AUBURN SCHOOL DISTRICT,P-8,4,100,0,0,0,0,0,0,0,100,100,100,100,100,100,"1312 2ND ST SE
AUBURN
(47.3060699, -122.2112773)"
ENUMCLAW MIDDLE SCHOOL,PUBLIC SCHOOL,2016-17,Y,ENUMCLAW SCHOOL DISTRICT,6-8,168,87.5,0,8.9,3.6,0.6,3,0,0,91.1,92.3,97,98.2,97,97,"550 SEMANSKI STREET
ENUMCLAW
(47.1870583, -122.0081293)"
PARADE,PUBLIC SCHOOL,2016-17,Y,RIVERVIEW SCHOOL DISTRICT,PK-12,12,41.7,0,25,33.3,0,33.3,0,0,41.7,41.7,83.3,83.3,91.7,75,"32240 NE 50TH ST
CARNATION
(47.6515142, -121.9072521)"
SUNRISE ELEMENTARY SCHOOL,PUBLIC SCHOOL,2016-17,Y,KENT SCHOOL DISTRICT,K -6,70,85.7,0,5.7,8.6,2.9,4.3,2.9,0,91.4,91.4,94.3,95.7,94.3,94.3,"22300 132ND AVE SE
KENT
(47.4032467, -122.1641731)"
BRIGHTMONT ACADEMY--SEATTLE CAMPUS,PRIVATE SCHOOL,2016-17,Y,SEATTLE PUBLIC SCHOOLS,6-12,0,,,,,,,,,,,,,,,"9750 THIRD AVE NE STE 102
SEATTLE
(47.700575, -122.325021)"
LAKESIDE SCHOOL,PRIVATE SCHOOL,2016-17,Y,SEATTLE PUBLIC SCHOOLS,5-12,68,94.1,1.5,1.5,2.9,1.5,1.5,0,0,95.6,97.1,98.5,97.1,97.1,97.1,"14050 1ST AVE NE
SEATTLE
(47.7334809, -122.3272809)"
MORNINGSIDE ACADEMY,PRIVATE SCHOOL,2016-17,Y,SEATTLE PUBLIC SCHOOLS,1-10,18,100,0,0,0,0,0,0,0,100,100,100,100,100,100,"201 WESTLAKE AVE N
SEATTLE
(47.6199629, -122.3388781)"
CEDAR PARK CHRISTIAN SCHOOLS,PRIVATE SCHOOL,2016-17,Y,NORTHSHORE SCHOOL DISTRICT,P-12,86,81.4,0,0,18.6,0,17.4,1.2,0,89.5,89.5,87.2,89.5,94.2,90.7,"16300 112TH AVE NE
BOTHELL
(47.7462368, -122.1892168)"
GREEN RIVER MONTESSORI SCHOOL,PRIVATE SCHOOL,2016-17,N,AUBURN SCHOOL DISTRICT,P-12,0,,,,,,,,,,,,,,,"922 12TH ST NE
AUBURN
(47.3183536, -122.2174141)"
SEATTLE WALDORF SCHOOL - MEADOWBROOK,PRIVATE SCHOOL,2016-17,Y,SEATTLE PUBLIC SCHOOLS,P-12,25,28,12,0,60,0,60,0,0,64,64,64,68,44,40,"2728 NE 100TH ST
SEATTLE
(47.7016219, -122.2973358)"
ST. BENEDICT SCHOOL,PRIVATE SCHOOL,2016-17,Y,SEATTLE PUBLIC SCHOOLS,P-8,22,86.4,0,9.1,4.5,0,4.5,0,0,86.4,95.5,95.5,95.5,95.5,95.5,"4811 WALLINGFORD AVE N
SEATTLE
(47.6639126, -122.336762)"
PINE LAKE MIDDLE SCHOOL,PUBLIC SCHOOL,2016-17,Y,ISSAQUAH SCHOOL DISTRICT,6-8,310,97.1,0,1.3,1.6,0.3,1,0.3,0,98.7,98.7,99.4,99,98.4,99,"3200 228TH AVE SE
SAMMAMISH
(47.579487, -122.032963)"
ECKSTEIN MIDDLE SCHOOL,PUBLIC SCHOOL,2016-17,Y,SEATTLE PUBLIC SCHOOLS,6-8,357,92.4,0.3,1.7,5.6,2.2,3.4,0,0,98.6,98.6,97.8,97.8,96.1,95.5,"3003 NE 75 ST
SEATTLE
(47.6816389, -122.294437)"
HAZEL VALLEY ELEMENTARY,PUBLIC SCHOOL,2016-17,Y,HIGHLINE SCHOOL DISTRICT,PK-6,76,84.2,0,15.8,0,0,0,0,0,84.2,84.2,100,100,100,100,"402 SW 132ND ST
BURIEN
(47.4855993, -122.3408153)"
THE MADRONE SCHOOL,PRIVATE SCHOOL,2016-17,N,NORTHSHORE SCHOOL DISTRICT,3-6,0,,,,,,,,,,,,,,,"15703 223RD AVE NE
WOODINVILLE
(47.741406, -122.040333)"
SEATTLE COUNTRY DAY SCHOOL,PRIVATE SCHOOL,2016-17,Y,SEATTLE PUBLIC SCHOOLS,K-8,40,90,0,7.5,2.5,0,2.5,0,0,92.5,92.5,92.5,92.5,90,92.5,"2619 4TH AVE N
SEATTLE
(47.6436165, -122.3502907)"
MELVIN G SYRE ELEMENTARY,PUBLIC SCHOOL,2016-17,Y,SHORELINE SCHOOL DISTRICT,K -6,79,93.7,0,0,6.3,0,6.3,0,0,100,100,97.5,100,96.2,100,"19545 12TH AVENUE N.W.
SHORELINE
(47.771956, -122.372734)"
BELLEVUE BIG PICTURE SCHOOL,PUBLIC SCHOOL,2016-17,Y,BELLEVUE SCHOOL DISTRICT,6-12,74,83.8,1.4,5.4,9.5,2.7,6.8,0,0,87.8,87.8,94.6,94.6,93.2,91.9,"14844 SE 22ND STREET
BELLEVUE
(47.591894, -122.141311)"
PACIFIC CREST SCHOOLS,PRIVATE SCHOOL,2016-17,Y,SEATTLE PUBLIC SCHOOLS,P-8,5,60,0,0,40,0,40,0,0,60,80,60,80,60,80,"600 NW BRIGHT ST
SEATTLE
(47.6602841, -122.3643107)"
DARTMOOR SCHOOL--WOODINVILLE,PRIVATE SCHOOL,2016-17,Y,NORTHSHORE SCHOOL DISTRICT,1-12,0,,,,,,,,,,,,,,,"17305 139TH AVE NE
WOODINVILLE
(47.7527536, -122.1540459)"
NEELY O BRIEN ELEMENTARY SCHOOL,PUBLIC SCHOOL,2016-17,Y,KENT SCHOOL DISTRICT,K -6,102,58.8,1,39.2,1,1,0,0,0,60.8,62.7,96.1,94.1,95.1,93.1,"6300 S 236TH ST
KENT
(47.391592, -122.256308)"
LOCKWOOD ELEMENTARY,PUBLIC SCHOOL,2016-17,Y,NORTHSHORE SCHOOL DISTRICT,K -6,77,64.9,0,27.3,7.8,1.3,6.5,1.3,0,64.9,64.9,93.5,93.5,94.8,93.5,"24118 LOCKWOOD RD
BOTHELL
(47.7781648, -122.2558088)"
HOLY ROSARY ELEMENTARY,PRIVATE SCHOOL,2016-17,Y,SEATTLE PUBLIC SCHOOLS,K-8,48,66.7,0,33.3,0,0,0,0,0,66.7,66.7,97.9,97.9,97.9,100,"4142 42ND AVE SW
SEATTLE
(47.5654444, -122.3850189)"
ST. EDWARDS SCHOOL,PRIVATE SCHOOL,2016-17,Y,SEATTLE PUBLIC SCHOOLS,P-8,18,100,0,0,0,0,0,0,0,100,100,100,100,100,100,"4200 S MEAD ST
SEATTLE
(47.550814, -122.2804746)"
K-8 STEM AT BOREN,PUBLIC SCHOOL,2016-17,Y,SEATTLE PUBLIC SCHOOLS,PK-8,58,29.3,0,62.1,8.6,1.7,6.9,0,0,32.8,32.8,89.7,87.9,84.5,87.9,"5950 DELRIDGE WAY SW
SEATTLE
(47.548678, -122.362196)"
SEATTLE GIRLS SCHOOL,PRIVATE SCHOOL,2016-17,N,SEATTLE PUBLIC SCHOOLS,5-8,0,,,,,,,,,,,,,,,"2706 S JACKSON ST
SEATTLE
(47.599412, -122.296929)"
EXCEL PUBLIC CHARTER SCHOOL,PUBLIC SCHOOL,2016-17,Y,EXCEL PUBLIC CHARTER SCHOOL LEA,6-8,37,97.3,0,0,2.7,0,2.7,0,0,97.3,100,100,97.3,100,97.3,"210 SOUTH HUDSON STREET
SEATTLE
(47.557995, -122.331304)"
PARK ORCHARD ELEMENTARY SCHOOL,PUBLIC SCHOOL,2016-17,Y,KENT SCHOOL DISTRICT,K -6,55,78.2,3.6,18.2,0,0,0,0,0,81.8,83.6,98.2,98.2,98.2,94.5,"11010 SE 232ND ST
KENT
(47.3952475, -122.1930121)"
RIDGEWOOD ELEMENTARY SCHOOL,PUBLIC SCHOOL,2016-17,Y,KENT SCHOOL DISTRICT,K -6,72,86.1,0,9.7,4.2,2.8,1.4,0,0,90.3,90.3,100,98.6,95.8,100,"18030 162ND PL SE
RENTON
(47.440421, -122.1221423)"
HARBOR SCHOOL,PRIVATE SCHOOL,2016-17,Y,VASHON ISLAND SCHOOL DISTRICT,K-8,14,35.7,0,42.9,21.4,0,21.4,0,0,50,50,50,42.9,35.7,50,"15920 VASHON HWY SW
VASHON
(47.462493, -122.4588828)"
NORTHSHORE NETWORKS,PUBLIC SCHOOL,2016-17,Y,NORTHSHORE SCHOOL DISTRICT,K -12,3,33.3,0,33.3,33.3,0,33.3,0,0,33.3,33.3,66.7,66.7,66.7,66.7,"3330 MONTE VILLA PARKWAY
BOTHELL
(47.7770699, -122.1898555)"
BILLINGS MIDDLE SCHOOL,PRIVATE SCHOOL,2016-17,Y,SEATTLE PUBLIC SCHOOLS,6-8,30,96.7,3.3,0,0,0,0,0,0,100,100,100,100,96.7,96.7,"7217 WOODLAWN AVE NE
SEATTLE
(47.680883, -122.325246)"
KILO MIDDLE SCHOOL,PUBLIC SCHOOL,2016-17,Y,FEDERAL WAY SCHOOL DISTRICT,6-8,183,82,0,14.8,3.3,0,2.7,0.5,0,83.1,83.1,97.8,95.6,96.7,97.3,"4400 S 308TH ST
AUBURN
(47.3268566, -122.2781235)"
CHINOOK MIDDLE SCHOOL,PUBLIC SCHOOL,2016-17,Y,BELLEVUE SCHOOL DISTRICT,6-8,302,73.2,0,19.5,7.3,2.6,4.6,0.3,0,77.8,77.8,94.7,95.7,94.4,92.4,"2001 98TH AVENUE NE
BELLEVUE
(47.628375, -122.211094)"
LAKE FOREST PARK ELEMENTARY,PUBLIC SCHOOL,2016-17,Y,SHORELINE SCHOOL DISTRICT,K -6,60,90,0,0,10,1.7,8.3,0,0,93.3,95,93.3,93.3,96.7,100,"18500 37TH AVENUE N.E.
LAKE FOREST PARK
(47.7625606, -122.2891862)"
EVERGREEN ACADEMY,PRIVATE SCHOOL,2016-17,Y,NORTHSHORE SCHOOL DISTRICT,K-6,0,,,,,,,,,,,,,,,"16017 118TH PL NE
BOTHELL
(47.7443043, -122.1825172)"
KENT MOUNTAIN VIEW ACADEMY,PUBLIC SCHOOL,2016-17,Y,KENT SCHOOL DISTRICT,K -12,48,50,0,43.8,6.3,2.1,4.2,0,0,50,50,93.8,91.7,93.8,91.7,"22420 MILITARY RD S
DES MOINES
(47.4001007, -122.2901162)"
SHOWALTER MIDDLE SCHOOL,PUBLIC SCHOOL,2016-17,Y,TUKWILA SCHOOL DISTRICT,6-8,193,95.3,0,2.1,2.6,1,1.6,0,0,96.4,96.4,98.4,99,99,98.4,"4628 S 144TH ST
TUKWILA
(47.4748324, -122.2749528)"
HOLY FAMILY PARISH SCHOOL,PRIVATE SCHOOL,2016-17,Y,LAKE WASHINGTON SCHOOL DISTRICT,P-8,25,100,0,0,0,0,0,0,0,100,100,100,100,100,100,"7300 - 120TH AVE NE
KIRKLAND
(47.6700184, -122.1801608)"
SOUTH SHORE K-8 SCHOOL,PUBLIC SCHOOL,2016-17,Y,SEATTLE PUBLIC SCHOOLS,PK-7,81,75.3,0,19.8,4.9,3.7,1.2,0,0,79,79,98.8,96.3,93.8,95.1,"4800 S HENDERSON ST
SEATTLE
(47.5240525, -122.2718274)"
AKI KUROSE MIDDLE SCHOOL,PUBLIC SCHOOL,2016-17,Y,SEATTLE PUBLIC SCHOOLS,6-8,225,68,0,28,4,4,1.8,0,0,73.8,73.8,95.1,94.7,93.3,89.8,"3928 S GRAHAM ST
SEATTLE
(47.5462536, -122.2824712)"
ST. MATTHEW SCHOOL,PRIVATE SCHOOL,2016-17,Y,SEATTLE PUBLIC SCHOOLS,P-8,19,100,0,0,0,0,0,0,0,100,100,100,100,100,100,"1230 NE 127TH ST
SEATTLE
(47.7212466, -122.3144126)"
RAINIER PREP,PUBLIC SCHOOL,2016-17,Y,RAINIER PREP CHARTER SCHOOL DISTRICT,5-8,86,64,0,34.9,1.2,0,1.2,0,0,68.6,97.7,97.7,97.7,94.2,95.3,"10211 12TH AVE S
SEATTLE
(47.511839, -122.350255)"
YELLOW WOOD ACADEMY,PRIVATE SCHOOL,2016-17,Y,MERCER ISLAND SCHOOL DISTRICT,K-12,2,100,0,0,0,0,0,0,0,100,100,100,100,100,100,"9655 SE 36TH ST, SUITE 101
MERCER ISLAND
(47.576752, -122.209378)"
VILLA ACADEMY,PRIVATE SCHOOL,2016-17,Y,SEATTLE PUBLIC SCHOOLS,P-8,40,92.5,0,2.5,5,0,5,0,0,95,95,97.5,97.5,95,97.5,"5001 NE 50TH ST
SEATTLE
(47.6640258, -122.2732757)"
MOUNT VIEW ELEMENTARY,PUBLIC SCHOOL,2016-17,Y,HIGHLINE SCHOOL DISTRICT,PK-6,50,46,0,54,0,0,0,0,0,98,98,100,98,100,50,"11427 3RD AV S
SEATTLE
(47.500244, -122.330524)"
CATHARINE BLAINE K-8 SCHOOL,PUBLIC SCHOOL,2016-17,Y,SEATTLE PUBLIC SCHOOLS,K -8,65,75.4,0,21.5,3.1,1.5,3.1,0,0,78.5,78.5,96.9,93.8,95.4,90.8,"2550 34 AV W
SEATTLE
(47.6428057, -122.3996966)"
CEDAR RIVER MIDDLE SCHOOL,PUBLIC SCHOOL,2016-17,Y,TAHOMA SCHOOL DISTRICT,6-7,335,94.9,0,0.9,4.2,0.3,3.9,0.3,0,97,97.3,98.5,98.2,97.6,96.4,"22615 SWEENEY ROAD SE
MAPLE VALLEY
(47.400464, -122.052986)"
MAYWOOD HILLS ELEMENTARY,PUBLIC SCHOOL,2016-17,Y,NORTHSHORE SCHOOL DISTRICT,K -6,88,97.7,0,2.3,0,0,0,0,0,98.9,98.9,98.9,100,100,98.9,"19510 104 AV NE
BOTHELL
(47.7695974, -122.1982439)"
ST. MADELEINE SOPHIE SCHOOL,PRIVATE SCHOOL,2016-17,Y,BELLEVUE SCHOOL DISTRICT,P-8,18,94.4,0,0,5.6,0,5.6,0,0,100,100,100,100,94.4,100,"4400 130TH PL SE
BELLEVUE
(47.566617, -122.165532)"
CONCORDIA LUTHERAN SCHOOL,PRIVATE SCHOOL,2016-17,Y,SEATTLE PUBLIC SCHOOLS,P-8,3,100,0,0,0,0,0,0,0,100,100,100,100,100,100,"7040 36TH AVE NE
SEATTLE
(47.6809232, -122.288961)"
MILLENNIUM ELEMENTARY SCHOOL,PUBLIC SCHOOL,2016-17,Y,KENT SCHOOL DISTRICT,K -6,81,80.2,0,16,3.7,0,3.7,0,0,80.2,80.2,97.5,97.5,98.8,96.3,"11919 SE 270TH ST
KENT
(47.3589852, -122.1808239)"
THE BEAR CREEK SCHOOL,PRIVATE SCHOOL,2016-17,Y,LAKE WASHINGTON SCHOOL DISTRICT,K-12,57,89.5,0,0,10.5,0,10.5,0,0,91.2,91.2,91.2,91.2,91.2,91.2,"8905 208TH AVE NE
REDMOND
(47.6812619, -122.065522)"
ECHO LAKE ELEMENTARY SCHOOL,PUBLIC SCHOOL,2016-17,Y,SHORELINE SCHOOL DISTRICT,K -6,71,83.1,1.4,0,15.5,0,15.5,0,0,91.5,93,93,88.7,90.1,100,"19345 WALLINGFORD AVE. N.
SHORELINE
(47.769642, -122.339329)"
OPEN WINDOW SCHOOL,PRIVATE SCHOOL,2016-17,Y,BELLEVUE SCHOOL DISTRICT,K-8,38,92.1,0,0,7.9,0,7.9,0,0,94.7,94.7,92.1,94.7,94.7,94.7,"6128 168TH PLACE SE
BELLEVUE
(47.5477474, -122.1141144)"
UNIVERSITY PREPARATORY,PRIVATE SCHOOL,2016-17,Y,SEATTLE PUBLIC SCHOOLS,6-12,77,97.4,0,0,2.6,1.3,1.3,0,0,98.7,98.7,97.4,98.7,98.7,98.7,"8000 25TH AVE NE
SEATTLE
(47.6870752, -122.299749)"
BRIARCREST ELEMENTARY,PUBLIC SCHOOL,2016-17,Y,SHORELINE SCHOOL DISTRICT,K -6,71,88.7,1.4,0,9.9,0,9.9,0,0,95.8,98.6,98.6,97.2,95.8,100,"2715 N.E. 158TH STREET
SHORELINE
(47.7419147, -122.2977449)"
MAYWOOD MIDDLE SCHOOL,PUBLIC SCHOOL,2016-17,Y,ISSAQUAH SCHOOL DISTRICT,6-8,366,93.2,1.1,0.3,5.5,1.4,4.1,0,0,95.9,97.3,98.1,97.3,96.7,97,"14490 168TH AVE SE
RENTON
(47.4707843, -122.1150385)"
NORTHWEST MONTESSORI,PRIVATE SCHOOL,2016-17,Y,SEATTLE PUBLIC SCHOOLS,P-6,1,100,0,0,0,0,0,0,0,100,100,100,100,100,100,"7400 25TH AVE NE
SEATTLE
(47.6822474, -122.3003922)"
PANTHER LAKE ELEMENTARY SCHOOL,PUBLIC SCHOOL,2016-17,Y,KENT SCHOOL DISTRICT,K -6,86,96.5,0,1.2,2.3,0,2.3,0,0,96.5,96.5,97.7,98.8,98.8,97.7,"10200 SE 216TH ST
KENT
(47.4098222, -122.2048223)"
BROADVIEW-THOMSON K-8 SCHOOL,PUBLIC SCHOOL,2016-17,Y,SEATTLE PUBLIC SCHOOLS,PK-8,72,73.6,0,22.2,4.2,1.4,2.8,0,0,75,75,94.4,94.4,94.4,93.1,"13052 GREENWOOD AV N
SEATTLE
(47.7247913, -122.3549098)"
CHRYSALIS SCHOOL (K-8),PRIVATE SCHOOL,2016-17,Y,NORTHSHORE SCHOOL DISTRICT,K-8,12,83.3,16.7,0,0,0,0,0,0,91.7,91.7,83.3,91.7,91.7,91.7,"17005 140TH AVE NE
WOODINVILLE
(47.751054, -122.153408)"
THREE POINTS ELEMENTARY,PRIVATE SCHOOL,2016-17,Y,BELLEVUE SCHOOL DISTRICT,P-6,59,100,0,0,0,0,0,0,0,100,100,100,100,100,100,"7800 NE 28TH ST
MEDINA
(47.6357574, -122.2350868)"
TOPS K-8 SCHOOL,PUBLIC SCHOOL,2016-17,Y,SEATTLE PUBLIC SCHOOLS,PK-8,57,71.9,0,14,14,7,8.8,0,0,78.9,78.9,94.7,96.5,89.5,91.2,"2500 FRANKLIN AV E
SEATTLE
(47.6425198, -122.324146)"
EAST RIDGE ELEMENTARY,PUBLIC SCHOOL,2016-17,Y,NORTHSHORE SCHOOL DISTRICT,K -6,56,82.1,0,17.9,0,0,0,0,0,82.1,82.1,100,100,100,98.2,"22150 NE 156 PL
WOODINVILLE
(47.7408581, -122.0429405)"
ISLANDER MIDDLE SCHOOL,PUBLIC SCHOOL,2016-17,Y,MERCER ISLAND SCHOOL DISTRICT,6-8,365,89.3,0.3,7.1,3.3,0.8,2.5,0,0,91.2,91.5,97.8,98.1,97.3,97.8,"8225 SE 72ND
MERCER ISLAND
(47.5369727, -122.228488)"
THE CLEARWATER SCHOOL,PRIVATE SCHOOL,2016-17,Y,NORTHSHORE SCHOOL DISTRICT,P-12,2,100,0,0,0,0,0,0,0,100,100,100,100,100,100,"1510 196TH ST SE
BOTHELL
(47.8199363, -122.2116452)"
RAINIER MIDDLE SCHOOL,PUBLIC SCHOOL,2016-17,Y,AUBURN SCHOOL DISTRICT,6-8,301,77.1,1,17.6,4.3,0,4,0.3,0,79.1,79.7,95.3,95,96.7,100,"30620 116TH AVE SE
AUBURN
(47.3273568, -122.1855431)"
ST. JOHN SCHOOL,PRIVATE SCHOOL,2016-17,Y,SEATTLE PUBLIC SCHOOLS,P-8,54,70.4,24.1,0,5.6,0,5.6,0,0,74.1,74.1,98.1,98.1,96.3,92.6,"120 N 79TH ST
SEATTLE
(47.6864164, -122.3570951)"
CARRIAGE CREST ELEMENTARY SCHOOL,PUBLIC SCHOOL,2016-17,Y,KENT SCHOOL DISTRICT,K -6,57,98.2,0,1.8,0,0,0,0,0,98.2,98.2,100,100,100,100,"18235 140TH AVE SE
RENTON
(47.4381801, -122.156355)"
ENVIRONMENTAL AND ADVENTURE SCHOOL,PUBLIC SCHOOL,2016-17,Y,LAKE WASHINGTON SCHOOL DISTRICT,6-8,49,89.8,0,2,8.2,2,6.1,0,0,93.9,93.9,93.9,95.9,93.9,95.9,"8040 NE 132ND
KIRKLAND
(47.7195589, -122.2306048)"
BEVERLY PARK ELEM AT GLENDALE,PUBLIC SCHOOL,2016-17,Y,HIGHLINE SCHOOL DISTRICT,PK-6,62,91.9,0,8.1,0,0,0,0,0,91.9,100,100,100,100,100,"1201 S 104TH ST
SEATTLE
(47.5096805, -122.317407)"
DAVID T. DENNY INTERNATIONAL SCHOOL,PUBLIC SCHOOL,2016-17,Y,SEATTLE PUBLIC SCHOOLS,6-8,276,73.2,0,24.3,2.5,2.2,2.5,0.4,0.4,73.9,73.9,96.4,97.5,97.1,94.6,"8402 30 AV SW
SEATTLE
(47.5273663, -122.3710053)"
MADRONA K-8 SCHOOL,PUBLIC SCHOOL,2016-17,Y,SEATTLE PUBLIC SCHOOLS,PK-8,14,57.1,0,35.7,7.1,7.1,0,0,0,57.1,57.1,92.9,92.9,85.7,92.9,"1121 33 AV
SEATTLE
(47.612342, -122.290859)"
CRYSTAL SPRINGS ELEMENTARY,PUBLIC SCHOOL,2016-17,Y,NORTHSHORE SCHOOL DISTRICT,K -6,92,93.5,0,1.1,5.4,2.2,3.3,0,0,95.7,95.7,98.9,98.9,98.9,97.8,"21615 9 AV SE
BOTHELL
(47.8011518, -122.2204556)"
SHOREWOOD ELEMENTARY,PUBLIC SCHOOL,2016-17,Y,HIGHLINE SCHOOL DISTRICT,PK-6,71,78.9,0,16.9,4.2,0,4.2,0,0,84.5,84.5,100,100,97.2,98.6,"2725 SW 116TH ST
BURIEN
(47.4985032, -122.3678272)"
ORCA K-8 SCHOOL,PUBLIC SCHOOL,2016-17,Y,SEATTLE PUBLIC SCHOOLS,K -8,22,59.1,0,22.7,18.2,4.5,13.6,0,0,72.7,72.7,90.9,90.9,86.4,86.4,"5215 46 AVE S
SEATTLE
(47.5546949, -122.2762853)"
FRENCH-AM SCHOOL OF PUGET SOUND,PRIVATE SCHOOL,2016-17,Y,MERCER ISLAND SCHOOL DISTRICT,P-8,38,68.4,0,31.6,0,0,0,0,0,86.8,94.7,100,97.4,92.1,97.4,"3795 E MERCER WAY
MERCER ISLAND
(47.5765852, -122.2071806)"
MERIDIAN PARK ELEMENTARY SCHOOL,PUBLIC SCHOOL,2016-17,Y,SHORELINE SCHOOL DISTRICT,K -6,69,91.3,0,1.4,7.2,0,7.2,0,0,95.7,98.6,95.7,94.2,94.2,100,"17077 MERIDIAN AVENUE N.
SHORELINE
(47.7548485, -122.3368952)"
PACIFIC CASCADE MIDDLE SCHOOL,PUBLIC SCHOOL,2016-17,Y,ISSAQUAH SCHOOL DISTRICT,6-8,337,94.7,0,1.5,3.9,0.6,3.3,0.3,0,97.6,97.6,99.1,98.8,97.6,97.6,"24635 SE ISSAQUAH FALL CITY ROAD
ISSAQUAH
(47.5587939, -122.010924)"
NORTH HILL ELEMENTARY,PUBLIC SCHOOL,2016-17,Y,HIGHLINE SCHOOL DISTRICT,K -6,85,94.1,1.2,4.7,0,0,0,0,0,94.1,94.1,100,100,100,100,"440 S 186TH STREET
BURIEN
(47.436928, -122.328056)"
HORIZON ELEMENTARY SCHOOL,PUBLIC SCHOOL,2016-17,Y,KENT SCHOOL DISTRICT,K -6,77,80.5,0,10.4,9.1,1.3,7.8,0,0,81.8,81.8,92.2,93.5,97.4,90.9,"27641 144TH AVE SE
KENT
(47.3538697, -122.1515361)"
SAWYER WOODS ELEMENTARY SCHOOL,PUBLIC SCHOOL,2016-17,Y,KENT SCHOOL DISTRICT,K -6,52,82.7,0,15.4,1.9,1.9,0,0,0,84.6,84.6,98.1,100,98.1,100,"31135 228TH AVE SE
BLACK DIAMOND
(47.3235434, -122.0396884)"
SUNRISE ELEMENTARY,PUBLIC SCHOOL,2016-17,Y,NORTHSHORE SCHOOL DISTRICT,K -6,45,84.4,0,8.9,6.7,2.2,4.4,0,0,93.3,93.3,95.6,100,95.6,97.8,"14075 172 AV NE
REDMOND
(47.728022, -122.10869)"
FAMILY ACADEMY/ACADEMY NW,PRIVATE SCHOOL,2016-17,Y,HIGHLINE SCHOOL DISTRICT,K-12,4,75,0,0,25,0,25,0,0,75,75,75,75,75,75,"14629 20TH AVE SW
SEATTLE
(47.47046, -122.359253)"
SEATTLE WORLD SCHOOL,PUBLIC SCHOOL,2016-17,Y,SEATTLE PUBLIC SCHOOLS,6-12,23,4.3,0,95.7,0,0,0,0,0,17.4,17.4,52.2,43.5,52.2,26.1,"301 21ST AVE E
SEATTLE
(47.6221945, -122.3053784)"
EVERGREEN SCHOOL,PRIVATE SCHOOL,2016-17,N,SHORELINE SCHOOL DISTRICT,P-8,0,,,,,,,,,,,,,,,"15201 MERIDIAN AVE N
SHORELINE
(47.7387063, -122.3350798)"
BEAR CREEK ELEMENTARY,PUBLIC SCHOOL,2016-17,Y,NORTHSHORE SCHOOL DISTRICT,K -6,79,93.7,0,0,6.3,0,6.3,0,0,94.9,94.9,96.2,96.2,94.9,94.9,"18101 AVONDALE RD NE
WOODINVILLE
(47.7587381, -122.0803656)"
SOUTHERN HEIGHTS ELEMENTARY,PUBLIC SCHOOL,2016-17,Y,HIGHLINE SCHOOL DISTRICT,PK-6,46,82.6,0,17.4,0,0,0,0,0,84.8,93.5,97.8,95.7,97.8,95.7,"11249 14TH AVE S
SEATTLE
(47.5019886, -122.3156924)"
CHIEF KANIM MIDDLE SCHOOL,PUBLIC SCHOOL,2016-17,Y,SNOQUALMIE VALLEY SCHOOL DISTRICT,6-8,260,86.9,0,6.5,6.5,0.4,6.5,0,0,90,90.4,95.8,96.2,96.5,93.8,"32627 REDMOND-FALL CITY RD SE
FALL CITY
(47.570217, -121.905254)"
HERITAGE CHRISTIAN ACADEMY,PRIVATE SCHOOL,2016-17,Y,NORTHSHORE SCHOOL DISTRICT,P-9,17,82.4,0,11.8,5.9,0,5.9,0,0,100,100,100,94.1,94.1,88.2,"19527 104TH AVE NE
BOTHELL
(47.7697608, -122.2027189)"
WESTSIDE SCHOOL,PRIVATE SCHOOL,2016-17,Y,SEATTLE PUBLIC SCHOOLS,P-7,41,95.1,0,2.4,2.4,0,2.4,0,0,95.1,95.1,95.1,95.1,95.1,95.1,"7740 34TH AVE SW
SEATTLE
(47.5327938, -122.3747815)"
ST. THOMAS SCHOOL,PRIVATE SCHOOL,2016-17,Y,BELLEVUE SCHOOL DISTRICT,P-8,17,100,0,0,0,0,0,0,0,100,100,100,100,100,100,"8300 NE 12TH ST
MEDINA
(47.6212649, -122.2299178)"
RENTON ACADEMY,PUBLIC SCHOOL,2016-17,Y,RENTON SCHOOL DISTRICT,K -12,6,50,0,33.3,16.7,0,16.7,0,0,66.7,66.7,100,100,100,83.3,"7100 116TH AVE SE
NEWCASTLE
(47.5382158, -122.1843318)"
HILLTOP ELEMENTARY,PUBLIC SCHOOL,2016-17,Y,HIGHLINE SCHOOL DISTRICT,PK-6,90,95.6,0,2.2,2.2,2.2,0,0,0,97.8,100,98.9,98.9,98.9,98.9,"12250 24TH AVE S
SEATTLE
(47.4927343, -122.3009758)"
LIVING WISDOM SCHOOL OF SEATTLE,PRIVATE SCHOOL,2016-17,Y,EDMONDS SCHOOL DISTRICT,P-6,1,100,0,0,0,0,0,0,0,100,100,100,100,100,100,"6717 212TH ST SW
LYNWOOD
(47.807206, -122.32403)"
ROOT ACADEMY,PRIVATE SCHOOL,2016-17,N,SEATTLE PUBLIC SCHOOLS,PK-8,0,,,,,,,,,,,,,,,"2332 N 116TH ST
SEATTLE
(47.713345, -122.329883)"
GREEN DOT DESTINY MIDDLE SCHOOL,PUBLIC SCHOOL,2016-17,Y,GREEN DOT PUBLIC SCHOOLS WASHINGTON STATE CHARTER DISTRICT,6-8,113,77.9,0,22.1,0,0,0,0,0,80.5,80.5,94.7,96.5,93.8,94.7,"210 S. HUDSON STREET
SEATTLE
(47.557995, -122.331304)"
EMERALD CITY SCHOOL,PRIVATE SCHOOL,2016-17,Y,SEATTLE PUBLIC SCHOOLS,1-6,3,100,0,0,0,0,0,0,0,100,100,100,100,100,100,"520 DENNY WAY
SEATTLE
(47.6185893, -122.3476454)"
SOLVE FOR X SCHOOL,PRIVATE SCHOOL,2016-17,Y,SEATTLE PUBLIC SCHOOLS,6-8,4,100,0,0,0,0,0,0,0,100,100,100,100,100,100,"100 W HARRISON
SEATTLE
(47.623019, -122.358371)"
ST. ANTHONY SCHOOL,PRIVATE SCHOOL,2016-17,Y,RENTON SCHOOL DISTRICT,K-8,56,98.2,0,0,1.8,1.8,0,0,0,100,100,98.2,100,100,98.2,"336 SHATTUCK AVE S
RENTON
(47.4787589, -122.212926)"
MEDINA ACADEMY,PRIVATE SCHOOL,2016-17,Y,LAKE WASHINGTON SCHOOL DISTRICT,P-7,9,11.1,88.9,0,0,0,0,0,0,11.1,100,100,100,100,100,"16600 NE 80TH ST
REDMOND
(47.675237, -122.117582)"
PINE TREE ELEMENTARY SCHOOL,PUBLIC SCHOOL,2016-17,Y,KENT SCHOOL DISTRICT,K -6,62,80.6,0,17.7,1.6,0,1.6,0,0,82.3,82.3,98.4,96.8,98.4,96.8,"27825 118TH AVE SE
KENT
(47.351979, -122.185506)"
HOLY INNOCENTS SCHOOL OF NW,PRIVATE SCHOOL,2016-17,Y,FEDERAL WAY SCHOOL DISTRICT,K-12,1,100,0,0,0,0,0,0,0,100,100,100,100,100,100,"2530 S 298TH ST
FEDERAL WAY
(47.336092, -122.300227)"
KINGS SCHOOLS,PRIVATE SCHOOL,2016-17,Y,SHORELINE SCHOOL DISTRICT,P-12,74,17.6,73,4.1,5.4,0,4.1,1.4,0,21.6,21.6,89.2,85.1,89.2,85.1,"19303 FREMONT AVE N
SEATTLE
(47.7684545, -122.3528379)"
TECHNOLOGY ACCESS FOUNDATION ACADEMY,PUBLIC SCHOOL,2016-17,Y,FEDERAL WAY SCHOOL DISTRICT,6-12,50,84,0,12,4,2,2,0,0,98,98,96,98,98,96,"26630 40TH AVE S
KENT
(47.3622183, -122.2816115)"
SEATTLE CHRISTIAN SCHOOL,PRIVATE SCHOOL,2016-17,Y,HIGHLINE SCHOOL DISTRICT,K-12,30,93.3,0,0,6.7,0,6.7,0,0,100,100,100,100,96.7,96.7,"18301 MILITARY RD S
SEATTLE
(47.4382792, -122.2739361)"
WHOLE EARTH MONTESSORI SCHOOL,PRIVATE SCHOOL,2016-17,Y,NORTHSHORE SCHOOL DISTRICT,P-12,2,0,0,0,100,0,100,0,0,50,50,0,0,0,50,"2930 228TH ST SE
BOTHELL
(47.7904575, -122.1935417)"
LAKE WASHINGTON GIRLS MIDDLE SCHOOL,PRIVATE SCHOOL,2016-17,Y,SEATTLE PUBLIC SCHOOLS,6-8,36,86.1,8.3,5.6,0,0,0,0,0,86.1,100,100,100,100,97.2,"810 18TH AVE
SEATTLE
(47.3849312, -122.0480429)"
WASHINGTON MIDDLE SCHOOL,PUBLIC SCHOOL,2016-17,Y,SEATTLE PUBLIC SCHOOLS,6-8,355,73,0,22,5.1,3.1,3.1,0,0,78,78,98.3,98,94.9,95.5,"2101 S JACKSON ST
SEATTLE
(47.5982164, -122.3041373)"
SEATTLE HEBREW ACADEMY,PRIVATE SCHOOL,2016-17,Y,SEATTLE PUBLIC SCHOOLS,P-8,9,88.9,0,0,11.1,11.1,0,0,0,100,100,100,100,100,88.9,"1617 INTERLAKEN DR E
SEATTLE
(47.6342969, -122.308325)"
APPLIED SCHOLASTICS ACADEMY OF SEATTLE,PRIVATE SCHOOL,2016-17,Y,SEATTLE PUBLIC SCHOOLS,K-6,0,,,,,,,,,,,,,,,"520 NE RAVENNA BLVD
SEATTLE
(47.677346, -122.322191)"
ST. MONICA SCHOOL,PRIVATE SCHOOL,2016-17,Y,MERCER ISLAND SCHOOL DISTRICT,P-8,13,84.6,0,0,15.4,0,15.4,0,0,84.6,84.6,84.6,84.6,84.6,84.6,"4320 87TH AVE SE
MERCER ISLAND
(47.5693913, -122.2224449)"
SOOS CREEK ELEMENTARY SCHOOL,PUBLIC SCHOOL,2016-17,Y,KENT SCHOOL DISTRICT,K -6,46,89.1,2.2,4.3,4.3,0,2.2,2.2,0,89.1,93.5,97.8,95.7,95.7,95.7,"12651 SE 218TH PLACE
KENT
(47.406208, -122.1714913)"
FAIRWOOD ELEMENTARY SCHOOL,PUBLIC SCHOOL,2016-17,Y,KENT SCHOOL DISTRICT,K -6,52,98.1,0,0,1.9,0,1.9,0,0,98.1,98.1,100,100,100,100,"16600 148TH AVE SE
RENTON
(47.4533714, -122.1414635)"
MT BAKER MIDDLE SCHOOL,PUBLIC SCHOOL,2016-17,Y,AUBURN SCHOOL DISTRICT,6-8,329,70.8,0.6,27.7,0.9,0,0.9,0.3,0,72.9,73.6,96.7,95.7,96,95.1,"620 37TH ST SE
AUBURN
(47.2756285, -122.2200045)"
CEDAR RIVER MONTESSORI SCHOOL,PRIVATE SCHOOL,2016-17,Y,TAHOMA SCHOOL DISTRICT,P-9,5,60,20,0,20,20,0,0,0,100,100,80,100,100,80,"15828 SE JONES RD
RENTON
(47.4671238, -122.128274)"
MMSC DAY SCHOOL,PRIVATE SCHOOL,2016-17,Y,SEATTLE PUBLIC SCHOOLS,P-12,2,100,0,0,0,0,0,0,0,100,100,100,100,100,100,"8511 15TH AVENUE NE
SEATTLE
(47.6907236, -122.3130287)"
ST. CATHERINE SCHOOL,PRIVATE SCHOOL,2016-17,Y,SEATTLE PUBLIC SCHOOLS,P-8,27,100,0,0,0,0,0,0,0,100,100,100,100,100,100,"8524 8TH AVE NE
SEATTLE
(47.6911915, -122.3201266)"
RENTON CHRISTIAN SCHOOL,PRIVATE SCHOOL,2016-17,Y,RENTON SCHOOL DISTRICT,P-8,46,69.6,21.7,0,8.7,0,8.7,0,0,73.9,78.3,93.5,95.7,97.8,93.5,"15717 152ND AVE SE
RENTON
(47.4622999, -122.137986)"
HOPE LUTHERAN SCHOOL,PRIVATE SCHOOL,2016-17,N,SEATTLE PUBLIC SCHOOLS,P-8,0,,,,,,,,,,,,,,,"4456 42ND AVE SW
SEATTLE
(47.563366, -122.385062)"
JEWISH DAY SCHOOL,PRIVATE SCHOOL,2016-17,Y,BELLEVUE SCHOOL DISTRICT,P-8,8,100,0,0,0,0,0,0,0,100,100,100,100,100,100,"15749 NE 4TH ST
BELLEVUE
(47.612981, -122.1283035)"
PARKSIDE ELEMENTARY,PUBLIC SCHOOL,2016-17,Y,HIGHLINE SCHOOL DISTRICT,K -6,86,83.7,0,15.1,1.2,0,1.2,0,0,86,86,97.7,97.7,97.7,97.7,"2104 S 247TH ST
DES MOINES
(47.3810263, -122.3059722)"
MAKKAH ISLAMIC SCHOOL,PRIVATE SCHOOL,2016-17,N,SEATTLE PUBLIC SCHOOLS,P-8,0,,,,,,,,,,,,,,,"3613 S JUNEAU ST
SEATTLE
(47.5495424, -122.2866149)"
CRESTWOOD ELEMENTARY SCHOOL,PUBLIC SCHOOL,2016-17,Y,KENT SCHOOL DISTRICT,K -6,60,91.7,0,6.7,1.7,0,1.7,0,0,91.7,93.3,96.7,96.7,96.7,96.7,"25225 180TH AVE SE
COVINGTON
(47.3758012, -122.1045733)"
EATON ARROWSMITH ACADEMY,PRIVATE SCHOOL,2016-17,Y,LAKE WASHINGTON SCHOOL DISTRICT,K-8,5,100,0,0,0,0,0,0,0,100,100,100,100,100,100,"17946 65TH ST
REDMOND
(47.664352, -122.101288)"
TYEE MIDDLE SCHOOL,PUBLIC SCHOOL,2016-17,Y,BELLEVUE SCHOOL DISTRICT,6-8,332,83.7,0,7.8,8.4,3.9,4.2,0.3,0,89.2,89.2,97,97.9,96.4,94,"11650 SE 60TH
BELLEVUE
(47.5501672, -122.182895)"
BRIGHT WATER SCHOOL,PRIVATE SCHOOL,2016-17,Y,SEATTLE PUBLIC SCHOOLS,P-8,15,13.3,0,0,86.7,0,86.7,0,0,13.3,73.3,73.3,66.7,80,66.7,"1501 TENTH AVE E SUITE 100
SEATTLE
(47.6325559, -122.3207142)"
THE GEMINI SCHOOL,PRIVATE SCHOOL,2016-17,N,BELLEVUE SCHOOL DISTRICT,K-12,0,,,,,,,,,,,,,,,"2227 112TH AVE NE
BELLEVUE
(47.630455, -122.192491)"
MCCLURE MIDDLE SCHOOL,PUBLIC SCHOOL,2016-17,Y,SEATTLE PUBLIC SCHOOLS,6-8,203,82.3,0,11.3,6.4,4.4,2.5,0,0,88.2,88.2,94.6,95.6,94.1,92.6,"1915 1 AV W
SEATTLE
(47.6367366, -122.3589595)"
HAMLIN ROBINSON SCHOOL,PRIVATE SCHOOL,2016-17,Y,SEATTLE PUBLIC SCHOOLS,1-8,41,48.8,46.3,4.9,0,0,0,0,0,58.5,100,100,100,90.2,100,"1700 E UNION ST.
SEATTLE
(47.6131379, -122.3094749)"
ST. LUKE SCHOOL,PRIVATE SCHOOL,2016-17,Y,SHORELINE SCHOOL DISTRICT,P-8,33,69.7,27.3,0,3,0,3,0,0,72.7,72.7,100,100,100,100,"17533 SAINT LUKE PL N
SHORELINE
(47.7561018, -122.3533168)"
WOODMOOR ELEMENTARY,PUBLIC SCHOOL,2016-17,Y,NORTHSHORE SCHOOL DISTRICT,K -6,121,80.2,0,10.7,9.1,2.5,6.6,0.8,0.8,84.3,84.3,93.4,94.2,96.7,92.6,"12225 NE 160
BOTHELL
(47.7412881, -122.1763186)"
DARTMOOR SCHOOL--BELLEVUE,PRIVATE SCHOOL,2016-17,Y,NORTHSHORE SCHOOL DISTRICT,1-12,0,,,,,,,,,,,,,,,"13401 BEL RED ROAD
BELLEVUE
(47.6225763, -122.1605619)"
EMERALD HEIGHTS ACADEMY,PRIVATE SCHOOL,2016-17,Y,BELLEVUE SCHOOL DISTRICT,P-8,5,60,20,0,20,0,20,0,0,60,60,80,80,80,80,"3850 - 156TH AVE SE
BELLEVUE
(47.5757526, -122.1319016)"
PRAISE CHRISTIAN ACADEMY,PRIVATE SCHOOL,2016-17,N,HIGHLINE SCHOOL DISTRICT,K-12,0,,,,,,,,,,,,,,,"1022 SW 151 ST
BURIEN
(47.4676603, -122.3483147)"
NORTHWEST SCHOOL,PRIVATE SCHOOL,2016-17,Y,SEATTLE PUBLIC SCHOOLS,6-12,49,98,2,0,0,0,0,0,0,98,98,100,100,100,100,"1415 SUMMIT AVE
SEATTLE
(47.6134199, -122.3256699)"
OUR LADY OF FATIMA SCHOOL,PRIVATE SCHOOL,2016-17,Y,SEATTLE PUBLIC SCHOOLS,P-8,28,100,0,0,0,0,0,0,0,100,100,100,100,100,100,"3301 W DRAVUS ST
SEATTLE
(47.648614, -122.3995521)"
BOW LAKE ELEMENTARY,PUBLIC SCHOOL,2016-17,Y,HIGHLINE SCHOOL DISTRICT,PK-6,90,86.7,6.7,2.2,4.4,3.3,2.2,0,0,95.6,100,100,95.6,97.8,97.8,"18237 42ND AVE S
SEATAC
(47.4389839, -122.2822826)"
KENT ELEMENTARY SCHOOL,PUBLIC SCHOOL,2016-17,Y,KENT SCHOOL DISTRICT,K -6,97,39.2,3.1,57.7,0,0,0,0,0,44.3,46.4,95.9,97.9,96.9,93.8,"24700 64TH AVENUE SOUTH
KENT
(47.380299, -122.2518081)"
CASCADE VISTA BAPTIST SCHOOL,PRIVATE SCHOOL,2016-17,N,FEDERAL WAY SCHOOL DISTRICT,PK-12,0,,,,,,,,,,,,,,,"11517 SE 208TH ST
KENT
(47.4153016, -122.1874515)"
MEADOW RIDGE ELEMENTARY SCHOOL,PUBLIC SCHOOL,2016-17,Y,KENT SCHOOL DISTRICT,K -6,49,85.7,2,8.2,4.1,0,4.1,0,0,85.7,89.8,98,95.9,98,95.9,"27710 108TH AVE SE
KENT
(47.3532534, -122.1957428)"
BELLEVUE CHRISTIAN MACK ELEMENTARY,PRIVATE SCHOOL,2016-17,Y,NORTHSHORE SCHOOL DISTRICT,P-6,19,89.5,0,0,10.5,5.3,10.5,0,0,89.5,89.5,94.7,94.7,94.7,94.7,"18250 168TH PL NE
WOODINVILLE
(47.7589451, -122.1138803)"
ETON SCHOOL,PRIVATE SCHOOL,2016-17,Y,BELLEVUE SCHOOL DISTRICT,P-8,11,72.7,18.2,0,9.1,0,0,9.1,0,72.7,90.9,90.9,90.9,90.9,90.9,"2701 BEL-RED RD
BELLEVUE
(47.634557, -122.128355)"
NORTHWEST FREE SCHOOL,PRIVATE SCHOOL,2016-17,N,RENTON SCHOOL DISTRICT,K-8,0,,,,,,,,,,,,,,,"1427 QUEEN AVE NE
RENTON
(47.5052949, -122.171086)"
MADRONA ELEMENTARY,PUBLIC SCHOOL,2016-17,Y,HIGHLINE SCHOOL DISTRICT,PK-6,85,75.3,24.7,0,0,0,0,0,0,95.3,95.3,95.3,95.3,96.5,92.9,"20301 32ND AVENUE SOUTH
SEATAC
(47.4203342, -122.2934237)"
CHRISTIAN FAITH SCHOOL,PRIVATE SCHOOL,2016-17,Y,FEDERAL WAY SCHOOL DISTRICT,P-12,22,90.9,0,0,9.1,0,9.1,0,0,90.9,90.9,90.9,90.9,90.9,90.9,"33645 20TH AVE S
FEDERAL WAY
(47.298869, -122.309202)"
ST. ANNE SCHOOL,PRIVATE SCHOOL,2016-17,Y,SEATTLE PUBLIC SCHOOLS,P-8,28,92.9,0,0,7.1,7.1,0,0,0,100,100,100,92.9,92.9,100,"101 W LEE ST
SEATTLE
(47.6311129, -122.3582591)"
SECONDARY LEARNING CENTER,PUBLIC SCHOOL,2016-17,Y,RENTON SCHOOL DISTRICT,6-12,0,,,,,,,,,,,,,,,"7800 S 132ND ST
SEATTLE
(47.4854093, -122.2364939)"
HIGHLAND MIDDLE SCHOOL,PUBLIC SCHOOL,2016-17,Y,BELLEVUE SCHOOL DISTRICT,6-8,146,71.2,0.7,17.8,10.3,0.7,9.6,0,0,80.8,80.8,94.5,96.6,93.2,89.7,"15027 NE BEL-RED ROAD
BELLEVUE
(47.6265678, -122.1401995)"
GEORGE T. DANIEL ELEMENTARY SCHOOL,PUBLIC SCHOOL,2016-17,Y,KENT SCHOOL DISTRICT,K -6,62,61.3,3.2,33.9,1.6,0,1.6,0,0,61.3,69.4,96.8,93.5,93.5,95.2,"11310 SE 248TH ST
KENT
(47.3804243, -122.1901757)"
RAINIER CHRISTIAN SCHOOLS-MAPLE VALLEY ELEMENTARY,PRIVATE SCHOOL,2016-17,Y,KENT SCHOOL DISTRICT,P-6,10,70,10,10,10,0,10,0,0,80,80,80,80,90,80,"16700 174TH AVE SE
RENTON
(47.4529049, -122.1116145)"
SALMON BAY K-8 SCHOOL,PUBLIC SCHOOL,2016-17,Y,SEATTLE PUBLIC SCHOOLS,K -8,119,67.2,0,16.8,16,6.7,16,0,0,79.8,79.8,90.8,90.8,81.5,82.4,"1810 NW 65 ST
SEATTLE
(47.6766893, -122.3805804)"
HOLLYWOOD HILL ELEMENTARY,PUBLIC SCHOOL,2016-17,Y,NORTHSHORE SCHOOL DISTRICT,K -6,48,89.6,0,2.1,8.3,2.1,8.3,0,0,91.7,91.7,91.7,91.7,91.7,89.6,"17110 148 AV NE
WOODINVILLE
(47.7517748, -122.1391508)"
CHILD SCHOOL-NEW HEIGHTS SCHOOL AT CHILDREN'S INSTITUTE FOR LEARNING DIFFERENCES (CHILD),PRIVATE SCHOOL,2016-17,Y,MERCER ISLAND SCHOOL DISTRICT,P-12,3,100,0,0,0,0,0,0,0,100,100,100,100,100,100,"4030 86TH AVE SE
MERCER ISLAND
(47.5734618, -122.2233855)"
WHITE CENTER HEIGHTS ELEMENTARY,PUBLIC SCHOOL,2016-17,Y,HIGHLINE SCHOOL DISTRICT,PK-6,70,85.7,0,14.3,0,0,0,0,0,87.1,87.1,98.6,98.6,98.6,98.6,"10015 6TH AVENUE SOUTHWEST
SEATTLE
(47.5131739, -122.3438579)"
CANYON CREEK ELEMENTARY,PUBLIC SCHOOL,2016-17,Y,NORTHSHORE SCHOOL DISTRICT,K -6,116,83.6,0,14.7,1.7,0.9,1.7,0,0,85.3,85.3,95.7,97.4,96.6,96.6,"21400 35 AV SE
BOTHELL
(47.8046207, -122.1868588)"
ST. GEORGE SCHOOL,PRIVATE SCHOOL,2016-17,Y,SEATTLE PUBLIC SCHOOLS,P-8,28,100,0,0,0,0,0,0,0,100,100,100,100,100,100,"5117 13TH AVE S
SEATTLE
(47.5559353, -122.3164289)"
MERIDIAN ELEMENTARY SCHOOL,PUBLIC SCHOOL,2016-17,Y,KENT SCHOOL DISTRICT,K -6,94,91.5,1.1,5.3,2.1,0,2.1,0,0,92.6,93.6,97.9,97.9,100,95.7,"25621 140TH AVE SE
KENT
(47.3718518, -122.1556746)"
OVERLAKE SCHOOL,PRIVATE SCHOOL,2016-17,Y,LAKE WASHINGTON SCHOOL DISTRICT,5-12,64,96.9,0,0,3.1,0,3.1,0,0,96.9,96.9,98.4,100,100,98.4,"20301 NE 108TH ST
REDMOND
(47.6950679, -122.0738071)"
DES MOINES ELEMENTARY,PUBLIC SCHOOL,2016-17,Y,HIGHLINE SCHOOL DISTRICT,K -6,48,91.7,0,8.3,0,0,0,0,0,93.8,93.8,100,100,100,97.9,"22001 9TH AVE S
DES MOINES
(47.404714, -122.323188)"
ILLAHEE MIDDLE SCHOOL,PUBLIC SCHOOL,2016-17,Y,FEDERAL WAY SCHOOL DISTRICT,5-8,238,39.5,0,55.9,4.6,1.3,2.9,0,0.4,41.6,41.6,97.5,96.2,97.9,94.1,"36001 1ST AVE S
FEDERAL WAY
(47.277515, -122.336994)"
NEW HORIZON SCHOOL,PRIVATE SCHOOL,2016-17,Y,RENTON SCHOOL DISTRICT,5-12,0,,,,,,,,,,,,,,,"1111 S CARR RD
RENTON
(47.441906, -122.203981)"
LICTON SPRINGS K-8 SCHOOL,PUBLIC SCHOOL,2016-17,Y,SEATTLE PUBLIC SCHOOLS,PK-8,10,50,0,40,10,0,10,0,0,50,50,90,90,90,90,"11530 12 AV NE
SEATTLE
(47.713357, -122.314525)"
BROOKLAKE CHRISTIAN SCHOOL,PRIVATE SCHOOL,2016-17,Y,FEDERAL WAY SCHOOL DISTRICT,P-6,0,,,,,,,,,,,,,,,"629 S 356TH ST
FEDERAL WAY
(47.2825602, -122.3253252)"
BEAVER LAKE MIDDLE SCHOOL,PUBLIC SCHOOL,2016-17,Y,ISSAQUAH SCHOOL DISTRICT,6-8,283,94.3,1.4,0.7,3.5,0,2.8,0.7,0,97.5,97.5,97.9,97.9,97.2,96.8,"25025 SE 32ND ST
ISSAQUAH
(47.5800972, -122.0056888)"
SOUND PREPARATORY ACADEMY (FORMERLY XCEED PREPARATORY SCHOOL 2016),PRIVATE SCHOOL,2016-17,N,FEDERAL WAY SCHOOL DISTRICT,6-12,0,,,,,,,,,,,,,,,"30168 25TH AVE SW
FEDERAL WAY
(47.331459, -122.3651)"
EVERGREEN MIDDLE SCHOOL,PUBLIC SCHOOL,2016-17,Y,LAKE WASHINGTON SCHOOL DISTRICT,6-8,404,88.6,0.5,6.9,4,1.2,3.2,0,0,91.6,91.6,98,98.3,97.8,96.8,"6900 208TH AVE NE
REDMOND
(47.6676596, -122.0607004)"
TOLT MIDDLE SCHOOL,PUBLIC SCHOOL,2016-17,Y,RIVERVIEW SCHOOL DISTRICT,6-8,275,82.9,0,8.7,8.4,0.7,7.6,0,0,86.9,87.6,95.3,94.5,94.2,93.1,"3740 TOLT AVE
CARNATION
(47.6422386, -121.9138274)"
ISSAQUAH MIDDLE SCHOOL,PUBLIC SCHOOL,2016-17,Y,ISSAQUAH SCHOOL DISTRICT,6-8,336,96.1,0.3,0,3.6,0.9,3,0,0,97.6,97.9,97.9,97.6,97,97.6,"400 1ST AVE SE
ISSAQUAH
(47.5271146, -122.0347715)"
EAST HILL ELEMENTARY SCHOOL,PUBLIC SCHOOL,2016-17,Y,KENT SCHOOL DISTRICT,K -6,69,79.7,0,17.4,2.9,1.4,1.4,0,0,79.7,79.7,97.1,97.1,98.6,97.1,"9825 S 240TH ST
KENT
(47.3861389, -122.209344)"
SHOREWOOD CHRISTIAN SCHOOL,PRIVATE SCHOOL,2016-17,Y,HIGHLINE SCHOOL DISTRICT,P-12,5,0,0,100,0,0,0,0,0,100,100,100,100,100,100,"10300 28TH AVE SW
SEATTLE
(47.5107534, -122.3676691)"
SPRING ACADEMY,PRIVATE SCHOOL,2016-17,Y,SEATTLE PUBLIC SCHOOLS,6-12,0,,,,,,,,,,,,,,,"113045 8TH AVE NE
SEATTLE
(47.689308, -122.320301)"
RENAISSANCE SCHOOL,PUBLIC SCHOOL,2016-17,Y,LAKE WASHINGTON SCHOOL DISTRICT,6-8,30,66.7,0,30,3.3,0,3.3,0,0,66.7,66.7,100,96.7,100,100,"4000 228TH NE
SAMMAMISH
(47.613601, -122.0317461)"
ST. VINCENT DE PAUL SCHOOL,PRIVATE SCHOOL,2016-17,Y,FEDERAL WAY SCHOOL DISTRICT,K-8,26,100,0,0,0,0,0,0,0,100,100,100,100,100,100,"30527 8TH AVE S
FEDERAL WAY
(47.327577, -122.3249779)"
FEDERAL WAY PUBLIC ACADEMY,PUBLIC SCHOOL,2016-17,Y,FEDERAL WAY SCHOOL DISTRICT,6-10,64,39.1,0,56.3,4.7,1.6,3.1,0,0,45.3,45.3,98.4,100,100,96.9,"34620 9TH AV S
FEDERAL WAY
(47.2913078, -122.322111)"
ROSE HILL MIDDLE SCHOOL,PUBLIC SCHOOL,2016-17,Y,LAKE WASHINGTON SCHOOL DISTRICT,6-8,262,84.4,0,8.8,6.9,1.5,5.7,0.4,0,88.5,89.7,96.6,97.3,94.7,95.4,"13505 NE 75TH
REDMOND
(47.6701908, -122.1593152)"
THREE TREE MONTESSORI,PRIVATE SCHOOL,2016-17,N,HIGHLINE SCHOOL DISTRICT,P-6,0,,,,,,,,,,,,,,,"220 SW 160TH ST
BURIEN
(47.460198, -122.336812)"
MCKNIGHT MIDDLE SCHOOL,PUBLIC SCHOOL,2016-17,Y,RENTON SCHOOL DISTRICT,6-8,434,95.2,0.5,1.8,2.5,0.9,1.4,0.2,0,97,97.2,99.1,99.5,99.1,98.2,"1200 EDMONDS AVE NE
RENTON
(47.5030448, -122.185572)"
WELLINGTON ELEMENTARY,PUBLIC SCHOOL,2016-17,Y,NORTHSHORE SCHOOL DISTRICT,K -6,79,93.7,0,0,6.3,1.3,3.8,1.3,0,94.9,94.9,97.5,97.5,96.2,97.5,"16501 NE 195 ST
WOODINVILLE
(47.7687236, -122.1194343)"
CEDAR VALLEY ELEMENTARY SCHOOL,PUBLIC SCHOOL,2016-17,Y,KENT SCHOOL DISTRICT,K -6,46,89.1,0,6.5,4.3,0,2.2,2.2,0,91.3,91.3,95.7,97.8,95.7,95.7,"26500 TIMBERLANE WAY SE
KENT
(47.3652109, -122.0864752)"
NAUTILUS K-8 SCHOOL,PUBLIC SCHOOL,2016-17,Y,FEDERAL WAY SCHOOL DISTRICT,K -8,31,61.3,0,35.5,3.2,0,3.2,0,0,61.3,61.3,96.8,96.8,96.8,96.8,"1000 S 289TH ST
FEDERAL WAY
(47.342512, -122.322628)"
ST. LOUISE SCHOOL,PRIVATE SCHOOL,2016-17,Y,BELLEVUE SCHOOL DISTRICT,P-8,46,97.8,0,0,2.2,0,2.2,0,0,100,100,100,97.8,97.8,97.8,"133 156TH AVE SE
BELLEVUE
(47.608923, -122.1339151)"
MARTIN SORTUN ELEMENTARY SCHOOL,PUBLIC SCHOOL,2016-17,Y,KENT SCHOOL DISTRICT,K -6,106,91.5,0,5.7,2.8,0,2.8,0,0,91.5,91.5,99.1,99.1,99.1,98.1,"12711 SE 248TH ST
KENT
(47.3783768, -122.1715992)"
CASCADE MIDDLE SCHOOL,PUBLIC SCHOOL,2016-17,Y,AUBURN SCHOOL DISTRICT,6-8,252,84.1,0.4,11.5,4,1.2,2.4,0.4,0.4,87.3,87.3,98,97.2,98,100,"1015 24TH ST NE
AUBURN
(47.3291386, -122.2157768)"
DARTMOOR SCHOOL--ISSAQUAH,PRIVATE SCHOOL,2016-17,Y,ISSAQUAH SCHOOL DISTRICT,1-12,1,100,0,0,0,0,0,0,0,100,100,100,100,100,100,"22500 SE 64TH PL #130
ISSAQUAH
(47.5441035, -122.0403106)"
PACIFIC LEARNING CENTER NW,PRIVATE SCHOOL,2016-17,Y,EDMONDS SCHOOL DISTRICT,K-12,5,100,0,0,0,0,0,0,0,100,100,100,100,100,100,"14550 WESTMINSTER WAY
SHORELINE
(47.735345, -122.354146)"
OUR LADY OF GUADALUPE SCHOOL,PRIVATE SCHOOL,2016-17,Y,SEATTLE PUBLIC SCHOOLS,K+,21,0,0,100,0,0,0,0,0,0,85.7,85.7,85.7,81,85.7,"3401 SW MYRTLE ST
SEATTLE
(47.5387897, -122.3756505)"
BRIGHTMONT ACADEMY--BELLEVUE CAMPUS,PRIVATE SCHOOL,2016-17,Y,BELLEVUE SCHOOL DISTRICT,6-12,1,100,0,0,0,0,0,0,0,100,100,100,100,100,100,"12360 NE 8TH ST SUITE 210
BELLEVUE
(47.6176776, -122.1753923)"
STELLA SCHOLA,PUBLIC SCHOOL,2016-17,Y,LAKE WASHINGTON SCHOOL DISTRICT,6-8,30,90,0,0,10,6.7,0,3.3,0,96.7,96.7,93.3,96.7,96.7,90,"13505 NE 75TH STREET
REDMOND
(47.6701908, -122.1593152)"
WHITMAN MIDDLE SCHOOL,PUBLIC SCHOOL,2016-17,Y,SEATTLE PUBLIC SCHOOLS,6-8,286,51.4,0,42,6.6,3.1,5.9,0,0,57.3,57.3,93,92.3,91.3,88.8,"9201 15 AV NW
SEATTLE
(47.6965669, -122.3777192)"
RENTON PREPARATORY CHRISTIAN SCHOOL,PRIVATE SCHOOL,2016-17,Y,RENTON SCHOOL DISTRICT,3-10,24,100,0,0,0,0,0,0,0,100,100,100,100,100,100,"200 MILL AVE S SUITE 100
RENTON
(47.481221, -122.201787)"
HOLY FAMILY SCHOOL,PRIVATE SCHOOL,2016-17,Y,AUBURN SCHOOL DISTRICT,P-8,16,100,0,0,0,0,0,0,0,100,100,100,100,100,100,"505 17TH ST SE
AUBURN
(47.294004, -122.223101)"
SNO-KING ACADEMY,PRIVATE SCHOOL,2016-17,Y,SHORELINE SCHOOL DISTRICT,3-12,1,100,0,0,0,0,0,0,0,100,100,100,100,100,100,"19741 53RD AVE NE
LAKE FOREST PARK
(47.772473, -122.274335)"
ARBOR SCHOOLS,PRIVATE SCHOOL,2016-17,Y,ISSAQUAH SCHOOL DISTRICT,P-9,1,100,0,0,0,0,0,0,0,100,100,100,100,100,100,"1107 228TH AVE SE
SAMMAMISH
(47.5996923, -122.0361285)"
TWIN FALLS MIDDLE SCHOOL,PUBLIC SCHOOL,2016-17,Y,SNOQUALMIE VALLEY SCHOOL DISTRICT,6-8,258,79.8,0,10.5,9.7,0.8,8.9,0,0,83.3,83.7,93,93,93.4,91.5,"46910 S.E. MIDDLE FORK ROAD
NORTH BEND
(47.47445, -121.713679)"
KENMORE ELEMENTARY,PUBLIC SCHOOL,2016-17,Y,NORTHSHORE SCHOOL DISTRICT,K -6,73,93.2,0,2.7,4.1,0,4.1,0,0,94.5,94.5,95.9,97.3,97.3,95.9,"19121 71 AV NE
KENMORE
(47.7675012, -122.2438557)"
LAKE YOUNGS ELEMENTARY SCHOOL,PUBLIC SCHOOL,2016-17,Y,KENT SCHOOL DISTRICT,K -6,75,85.3,0,6.7,8,0,6.7,1.3,1.3,88,89.3,97.3,98.7,97.3,96,"19660 142ND AVE SE
KENT
(47.4261323, -122.1528367)"
ST. PAUL SCHOOL,PRIVATE SCHOOL,2016-17,Y,SEATTLE PUBLIC SCHOOLS,P-8,23,69.6,26.1,4.3,0,0,0,0,0,69.6,69.6,95.7,95.7,95.7,95.7,"10001 57TH AVE S
SEATTLE
(47.5105328, -122.2626654)"
FAIRVIEW CHRISTIAN SCHOOL,PRIVATE SCHOOL,2016-17,N,SEATTLE PUBLIC SCHOOLS,P-8,0,,,,,,,,,,,,,,,"844 NE 78TH ST
SEATTLE
(47.6856596, -122.3183179)"
PARKWOOD ELEMENTARY,PUBLIC SCHOOL,2016-17,Y,SHORELINE SCHOOL DISTRICT,K -6,49,95.9,0,0,4.1,2,2,0,0,98,98,100,100,98,100,"1815 N. 155TH STREET
SHORELINE
(47.7401965, -122.3363933)"
HAMILTON INTERNATIONAL MIDDLE SCHOOL,PUBLIC SCHOOL,2016-17,Y,SEATTLE PUBLIC SCHOOLS,6-8,419,80.7,0.2,9.8,9.3,4.3,6.7,0,0,87.6,87.6,96.7,95.7,92.6,91.9,"4400 INTERLAKE AVE N
SEATTLE
(47.6599142, -122.3400034)"
THE LAKE AND PARK SCHOOL,PRIVATE SCHOOL,2016-17,N,SEATTLE PUBLIC SCHOOLS,P-8,0,,,,,,,,,,,,,,,"3201 HUNTER BLVD S
SEATTLE
(47.575011, -122.285455)"
KIRKLAND MIDDLE SCHOOL,PUBLIC SCHOOL,2016-17,Y,LAKE WASHINGTON SCHOOL DISTRICT,6-8,225,81.8,0,12,6.2,0.9,5.8,0,0,84.9,85.3,95.1,95.6,96.4,93.8,"430 18TH AVE
KIRKLAND
(47.690528, -122.199663)"
COVINGTON ELEMENTARY SCHOOL,PUBLIC SCHOOL,2016-17,Y,KENT SCHOOL DISTRICT,K -6,73,74,0,21.9,4.1,1.4,2.7,0,0,76.7,76.7,97.3,98.6,97.3,98.6,"17070 SE WAX ROAD
COVINGTON
(47.353996, -122.1144864)"
BLOSSOMING HILL MONTESSORI,PRIVATE SCHOOL,2016-17,Y,TAHOMA SCHOOL DISTRICT,P-6,2,100,0,0,0,0,0,0,0,100,100,100,100,100,100,"23855 SE 216TH ST
MAPLE VALLEY
(47.4079404, -122.0218838)"
MONTESSORI CHILDREN'S HOUSE,PRIVATE SCHOOL,2016-17,Y,LAKE WASHINGTON SCHOOL DISTRICT,P-6,2,50,0,0,50,0,50,0,0,50,50,50,50,50,50,"5003 218TH AVE NE
REDMOND
(47.6534983, -122.0493895)"
PRIVETT ACADEMY,PRIVATE SCHOOL,2016-17,Y,MERCER ISLAND SCHOOL DISTRICT,6-12,0,,,,,,,,,,,,,,,"9311 SE 36TH ST
MERCER ISLAND
(47.5776669, -122.2128561)"
EMERALD PARK ELEMENTARY SCHOOL,PUBLIC SCHOOL,2016-17,Y,KENT SCHOOL DISTRICT,K -6,58,93.1,0,3.4,3.4,0,3.4,0,0,93.1,93.1,100,100,100,100,"11800 SE 216TH ST
KENT
(47.4097321, -122.1831469)"
EASTSIDE PREPARATORY SCHOOL,PRIVATE SCHOOL,2016-17,Y,LAKE WASHINGTON SCHOOL DISTRICT,5-12,54,92.6,0,0,7.4,0,7.4,0,0,98.1,98.1,98.1,98.1,92.6,96.3,"10635 NE 38TH PL
KIRKLAND
(47.644026, -122.1985355)"
ODLE MIDDLE SCHOOL,PUBLIC SCHOOL,2016-17,Y,BELLEVUE SCHOOL DISTRICT,6-8,326,49.1,0,43.6,7.4,1.5,5.8,0,0,53.7,53.7,93.6,94.2,92.3,91.1,"14401 NE 8TH STREET
BELLEVUE
(47.6153448, -122.1493222)"
TAHOMA MIDDLE SCHOOL,PUBLIC SCHOOL,2016-17,Y,TAHOMA SCHOOL DISTRICT,6-7,283,83,0.7,12.4,3.9,1.1,2.8,0.4,0,84.8,85.5,97.2,96.8,96.1,95.1,"24425 SE 216TH ST
MAPLE VALLEY
(47.4077058, -122.0136711)"
GRASS LAKE ELEMENTARY SCHOOL,PUBLIC SCHOOL,2016-17,Y,KENT SCHOOL DISTRICT,K -6,63,87.3,1.6,7.9,3.2,0,3.2,0,0,87.3,88.9,98.4,98.4,98.4,96.8,"28700 191ST PLACE SE
KENT
(47.3445729, -122.087333)"
HOPE ACADEMY,PRIVATE SCHOOL,2016-17,Y,SEATTLE PUBLIC SCHOOLS,K-8,10,100,0,0,0,0,0,0,0,100,100,100,100,100,100,"9421 18TH AVE SW
SEATTLE
(47.518579, -122.358282)"
ST. BRENDAN SCHOOL,PRIVATE SCHOOL,2016-17,Y,NORTHSHORE SCHOOL DISTRICT,P-8,14,78.6,14.3,7.1,0,0,0,0,0,78.6,78.6,100,100,100,100,"10049 NE 195TH ST
BOTHELL
(47.768792, -122.2051473)"
SEATTLE NATIVITY SCHOOL,PRIVATE SCHOOL,2016-17,Y,SEATTLE PUBLIC SCHOOLS,6-8,15,80,0,20,0,0,0,0,0,93.3,100,100,93.3,93.3,100,"2800 S MASSACHUSETTS ST
SEATTLE
(47.588861, -122.2965335)"
JENKINS CREEK ELEMENTARY,PUBLIC SCHOOL,2016-17,Y,KENT SCHOOL DISTRICT,K -6,55,80,0,9.1,10.9,0,10.9,0,0,83.6,83.6,94.5,96.4,96.4,90.9,"26915 186TH AVE SE
COVINGTON
(47.3604257, -122.0938865)"
FERNWOOD ELEMENTARY,PUBLIC SCHOOL,2016-17,Y,NORTHSHORE SCHOOL DISTRICT,K -6,139,80.6,0,14.4,5,0,5,0,0,84.2,84.2,99.3,98.6,95.7,95.7,"3933 JEWELL RD
BOTHELL
(47.819456, -122.179396)"
WOODMONT ELEMENTARY SCHOOL,PUBLIC SCHOOL,2016-17,Y,FEDERAL WAY SCHOOL DISTRICT,K -8,31,58.1,0,41.9,0,0,0,0,0,58.1,58.1,96.8,100,93.5,96.8,"26454 16TH AV S
DES MOINES
(47.363347, -122.311816)"
SACAJAWEA MIDDLE SCHOOL,PUBLIC SCHOOL,2016-17,Y,FEDERAL WAY SCHOOL DISTRICT,6-8,216,58.8,0,39.4,1.9,0.5,1.4,0.5,0,59.7,59.7,93.5,100,92.6,92.6,"1101 S DASH POINT RD
FEDERAL WAY
(47.3342157, -122.3181663)"
SEATTLE ACADEMY OF ARTS/SCIENCES,PRIVATE SCHOOL,2016-17,Y,SEATTLE PUBLIC SCHOOLS,6-12,0,,,,,,,,,,,,,,,"1201 E UNION ST
SEATTLE
(47.612666, -122.316396)"
SEQUOYAH MIDDLE SCHOOL,PUBLIC SCHOOL,2016-17,Y,FEDERAL WAY SCHOOL DISTRICT,6-8,173,61.8,0,31.8,6.4,1.7,3.5,0.6,0.6,66.5,66.5,95.4,95.4,96,92.5,"3425 S 360TH ST
AUBURN
(47.277937, -122.288405)"
HIGHLAND TERRACE ELEMENTARY,PUBLIC SCHOOL,2016-17,Y,SHORELINE SCHOOL DISTRICT,K -6,62,90.3,0,0,9.7,1.6,9.7,0,0,95.2,95.2,93.5,93.5,95.2,100,"100 N. 160TH STREET
SHORELINE
(47.7459139, -122.3596164)"
